dataset_id,source_column,canonical_parameter,treatment_stage,unit,count,missing_count,missing_pct,unique_values,min,max,mean,std,median,p25,p75,p95,p99,iqr,outlier_count_iqr,negative_count,impossible_count,is_constant
DATASET_01_UCI_WATER_TREATMENT,PH-E,pH,inlet,pH units,527,0,0.0,16,6.9,8.7,7.8101,0.2462,7.8,7.6,8.0,8.2,8.4,0.4,2,0,0,False
DATASET_01_UCI_WATER_TREATMENT,PH-P,pH,primary_settler,pH units,527,0,0.0,13,7.3,8.5,7.83,0.2269,7.8,7.7,8.0,8.2,8.3,0.3,1,0,0,False
DATASET_01_UCI_WATER_TREATMENT,PH-D,pH,secondary_aeration,pH units,527,0,0.0,13,7.1,8.4,7.812,0.1996,7.8,7.7,7.9,8.2,8.2,0.2,10,0,0,False
DATASET_01_UCI_WATER_TREATMENT,PH-S,pH,final_effluent,pH units,526,1,0.19,15,7.0,9.7,7.7099,0.1874,7.7,7.6,7.8,8.0,8.075,0.2,6,0,0,False
DATASET_01_UCI_WATER_TREATMENT,DBO-E,BOD,inlet,mg/L,504,23,4.36,204,31.0,438.0,188.7143,62.0628,182.5,146.75,223.0,309.65,364.7,76.25,14,0,0,False
DATASET_01_UCI_WATER_TREATMENT,DBO-P,BOD,primary_settler,mg/L,487,40,7.59,225,32.0,517.0,206.2074,74.8233,197.0,153.0,243.0,359.1,411.7,90.0,15,0,0,False
DATASET_01_UCI_WATER_TREATMENT,DBO-D,BOD,secondary_aeration,mg/L,499,28,5.31,148,26.0,285.0,122.3487,37.0237,119.0,97.0,148.0,187.0,210.04,51.0,1,0,0,False
DATASET_01_UCI_WATER_TREATMENT,DBO-S,BOD,final_effluent,mg/L,504,23,4.36,43,3.0,320.0,19.9881,17.5892,18.0,14.0,23.0,31.0,82.89,9.0,16,0,0,False
DATASET_01_UCI_WATER_TREATMENT,DQO-E,COD,inlet,mg/L,521,6,1.14,288,81.0,941.0,406.8983,120.363,400.0,325.0,478.0,600.0,746.2,153.0,11,0,0,False
DATASET_01_UCI_WATER_TREATMENT,DQO-D,COD,secondary_aeration,mg/L,518,9,1.71,229,80.0,511.0,274.0463,74.1185,274.0,220.0,325.0,393.15,450.0,105.0,1,0,0,False
DATASET_01_UCI_WATER_TREATMENT,DQO-S,COD,final_effluent,mg/L,509,18,3.42,136,9.0,350.0,87.2947,39.027,84.0,64.0,101.0,151.6,282.92,37.0,20,0,0,False
DATASET_01_UCI_WATER_TREATMENT,SS-E,TSS,inlet,mg/L,526,1,0.19,141,98.0,2008.0,227.4449,135.9406,196.0,170.0,242.0,379.0,833.0,72.0,39,0,0,False
DATASET_01_UCI_WATER_TREATMENT,SS-P,TSS,primary_settler,mg/L,527,0,0.0,154,104.0,1692.0,253.9526,147.4585,220.0,184.0,272.0,451.2,789.16,88.0,39,0,0,False
DATASET_01_UCI_WATER_TREATMENT,SS-D,TSS,secondary_aeration,mg/L,525,2,0.38,74,49.0,244.0,94.2248,23.9943,90.0,78.0,106.0,133.6,173.04,28.0,13,0,0,False
DATASET_01_UCI_WATER_TREATMENT,SS-S,TSS,final_effluent,mg/L,522,5,0.95,57,6.0,238.0,22.2356,16.337,19.0,14.0,24.0,41.0,87.16,10.0,34,0,0,False
DATASET_01_UCI_WATER_TREATMENT,COND-E,COND,inlet,µS/cm,527,0,0.0,414,651.0,3230.0,1478.6205,394.898,1406.0,1201.0,1672.0,2230.0,2577.0,471.0,15,0,0,False
DATASET_01_UCI_WATER_TREATMENT,COND-P,COND,primary_settler,µS/cm,527,0,0.0,412,646.0,3170.0,1496.0342,402.5887,1420.0,1217.0,1713.5,2234.0,2680.0,496.5,13,0,0,False
DATASET_01_UCI_WATER_TREATMENT,COND-D,COND,secondary_aeration,µS/cm,527,0,0.0,410,85.0,3690.0,1490.5693,399.9908,1428.0,1225.5,1701.0,2230.0,2662.2,475.5,14,0,0,False
DATASET_01_UCI_WATER_TREATMENT,COND-S,COND,final_effluent,µS/cm,526,1,0.19,412,683.0,3950.0,1494.8175,387.9062,1432.0,1234.5,1692.25,2237.5,2605.0,457.75,16,0,0,False
DATASET_01_UCI_WATER_TREATMENT,Q-E,FLOW_RATE,inlet,m3/day,509,18,3.42,503,10050.0,60081.0,37226.5678,6635.9998,35990.0,32888.0,41372.0,48100.4,55879.6,8484.0,11,0,0,False
DATASET_01_UCI_WATER_TREATMENT,ZN-E,ZN,inlet,mg/L,524,3,0.57,168,0.1,33.5,2.3591,2.7495,1.5,0.9,3.0,6.5,12.5,2.1,33,0,0,False
DATASET_02_MELBOURNE_ETP_INLET,Ammonia_mg.L-1,NH4_N,inlet,mg/L,1381,1,0.07,47,13.0,93.0,39.2223,7.7644,39.0,34.0,44.0,50.0,55.2,10.0,11,0,0,False
DATASET_02_MELBOURNE_ETP_INLET,BOD_mg.L-1,BOD,inlet,mg/L,962,420,30.39,59,140.0,810.0,370.0832,88.7196,350.0,320.0,400.0,550.0,660.0,80.0,77,0,0,False
DATASET_02_MELBOURNE_ETP_INLET,COD_mg.L-1,COD,inlet,mg/L,1340,42,3.04,220,360.0,1700.0,845.9604,147.6795,840.0,750.0,930.0,1100.0,1300.0,180.0,28,0,0,False
DATASET_02_MELBOURNE_ETP_INLET,NitrateplusNitrite_mg.L-1,NOx_N,inlet,mg/L,138,1244,90.01,10,0.01,0.31,0.0186,0.0333,0.01,0.01,0.01,0.0515,0.1567,0.0,24,0,0,False
DATASET_02_MELBOURNE_ETP_INLET,Nitrogentotal_mg.L-1,TN,inlet,mg/L,138,1244,90.01,35,40.0,92.0,62.1014,8.2756,62.0,56.0,68.0,74.0,83.04,12.0,1,0,0,False
DATASET_03_MELBOURNE_ETP_OUTLET,COD_mg.L-1,COD,final_effluent,mg/L,1441,275,16.03,43,2.0,80.0,24.601,7.0287,25.0,20.0,30.0,35.0,40.0,10.0,17,0,0,False
DATASET_03_MELBOURNE_ETP_OUTLET,BOD_mg.L-1,BOD,final_effluent,mg/L,293,1423,82.93,5,2.0,6.0,2.3788,0.6798,2.0,2.0,3.0,4.0,5.0,1.0,4,0,0,False
DATASET_03_MELBOURNE_ETP_OUTLET,Ammonia_mg.L-1,NH4_N,final_effluent,mg/L,1694,22,1.28,42,0.0,316.0,0.2908,7.6776,0.09,0.07,0.1,0.2,0.4,0.03,181,0,0,False
DATASET_03_MELBOURNE_ETP_OUTLET,Total_KjeldahlNitrogen_mg.L-1,TKN,final_effluent,mg/L,1549,167,9.73,58,0.3,24.0,2.2804,1.1262,2.0,1.6,2.7,4.0,5.3,1.1,46,0,0,False
DATASET_03_MELBOURNE_ETP_OUTLET,Nitrogentotal_mg.L-1,TN,final_effluent,mg/L,146,1570,91.49,17,7.0,25.0,15.5959,3.0706,15.0,13.0,17.0,20.75,22.55,4.0,1,0,0,False
DATASET_03_MELBOURNE_ETP_OUTLET,NitrateplusNitrite_mg.L-1,NOx_N,final_effluent,mg/L,146,1570,91.49,16,6.0,23.0,14.0137,3.0939,14.0,12.0,16.0,19.0,21.0,4.0,1,0,0,False
DATASET_04_CPCB_UP_STP,ph,pH,final_effluent,pH units,125,0,0.0,71,7.04,8.21,7.5461,0.2847,7.52,7.3,7.73,8.076,8.1752,0.43,0,0,0,False
DATASET_04_CPCB_UP_STP,bod_mg_l,BOD,final_effluent,mg/L,125,0,0.0,39,6.0,72.0,18.4336,9.1867,18.0,10.0,24.0,28.0,43.56,14.0,1,0,0,False
DATASET_04_CPCB_UP_STP,cod_mg_l,COD,final_effluent,mg/L,125,0,0.0,63,22.0,276.0,102.6816,58.1906,90.0,48.0,152.0,191.6,246.4,104.0,0,0,0,False
DATASET_04_CPCB_UP_STP,tss_mg_l,TSS,final_effluent,mg/L,125,0,0.0,55,7.0,138.0,40.3856,25.7103,40.0,19.0,52.0,87.6,129.76,33.0,3,0,0,False
DATASET_04_CPCB_UP_STP,total_coliform_mpn_100ml,TOTAL_COLIFORM,final_effluent,MPN/100mL,123,2,1.6,60,170.0,310000.0,17778.6992,44116.3293,2800.0,1600.0,8400.0,119000.0,193400.0,6800.0,25,0,0,False
DATASET_04_CPCB_UP_STP,fecal_coliform_mpn_100ml,FECAL_COLIFORM,final_effluent,MPN/100mL,123,2,1.6,54,82.0,170000.0,8728.0325,28073.3039,780.0,450.0,930.0,76000.0,133400.0,480.0,28,0,0,False
DATASET_04_CPCB_UP_STP,installed_capacity_mld,INSTALLED_CAPACITY,facility_metadata,MLD,123,2,1.6,68,0.805,345.0,32.212,43.9717,15.0,6.9,41.0,98.0,194.6,34.1,7,0,0,False
DATASET_04_CPCB_UP_STP,utilized_capacity_mld,UTILIZED_CAPACITY,facility_metadata,MLD,119,6,4.8,77,0.4,345.0,24.9006,38.8804,12.0,4.65,33.5,74.4,132.3,28.85,6,0,0,False
