STN code,Monitoring Location,Year,Type Water Body,State Name,Temperature (C) - Min,Temperature (C) - Max,Dissolved - Min,Dissolved - Max,pH - Min,pH - Max,Conductivity (¬µmho/cm) - Min,Conductivity (¬µmho/cm) - Max,BOD (mg/L) - Min,BOD (mg/L) - Max,NitrateN (mg/L) - Min,NitrateN (mg/L) - Max,Total Coliform (MPN/100ml) - Min,Total Coliform (MPN/100ml) - Max,Fecal - Min,Fecal - Max
2057,"AGRA CANAL, MADANPUR KHADAR, DELHI",2021,CANAL,DELHI,17.0,27.0,5.3,1.4,7.1,7.8,1015.0,1731.0,26.0,77.0,0.6,1.1,790000.0,14000000.0,,
2057,"AGRA CANAL, MADANPUR KHADAR, DELHI",2023,CANAL,DELHI,17.0,27.0,0.3,1.5,6.9,7.7,219.0,1731.0,32.0,46.0,0.42,1.1,75.0,14000000.0,,
4464,ALHI KHAD NEAR INTAKE WSS AT VILL. NOG,2023,DRAIN,HIMACHAL PRADESH,12.0,29.0,8.2,9.3,6.9,8.2,286.0,470.0,1.0,1.0,0.3,2.6,130.0,540.0,2,
3055,"AMBERPET STP (339 MLD) - OUTLET , AMBERPET (V&M), HYDERABAD",2023,STP,TELANGANA,25.0,31.0,0.9,4.6,6.9,8.2,1322.0,1659.0,4.4,30.0,4.2,8.0,220.0,920.0,2,
5522,AT THE CENTER OF DEEPORBEEL,2023,LAKE,ASSAM,23.0,32.0,5.6,10.4,7.0,9.2,238.0,316.0,5.0,6.0,1.2,2.4,2.0,1600.0,2,240
3868,BARAGRAM NALLAH BEFORE CONFLUENCE TO RIVER BEAS,2023,DRAIN,HIMACHAL PRADESH,1.0,13.0,7.5,8.9,6.8,8.0,50.0,106.0,1.0,1.0,0.3,0.7,58.0,280.0,2,
2225,"BASKANDI POND INSIDE THE BASKANDI MADRASA, BASKANDI, ASSAM",2023,POND,ASSAM,19.0,23.0,4.1,5.6,6.8,7.3,90.0,126.0,2.0,2.9,0.7,1.1,910.0,1300.0,95,210
2214,"BATODRAWA SATRA POND, NAGAON, ASSAM",2023,POND,ASSAM,18.0,32.0,5.0,7.6,6.7,7.8,81.0,112.0,1.8,2.7,0.8,1.9,730.0,1200.0,95,240
3881,"BHATIAN NALLAH D/S SARA TEXTILE, NALAGARH",2023,DRAIN,HIMACHAL PRADESH,12.0,28.0,3.9,6.1,7.6,8.0,678.0,5130.0,1.0,20.0,1.2,10.9,26.0,1600.0,2,
3879,"BHATIAN NALLAH U/S BHATIAN VILLAGE, NEAR TVS INDUSTRY, NALAGARH",2023,DRAIN,HIMACHAL PRADESH,11.0,26.0,0.3,6.2,7.1,8.1,670.0,7530.0,1.2,90.0,0.6,7.2,130.0,1600.0,2,
2219,"BISHNU PUSKAR PUKHURI OF HAYAGRIB MADHAB TEMPLE, HAJO, ASSAM",2023,POND,ASSAM,22.0,34.0,6.1,10.9,6.8,7.8,174.0,262.0,2.0,2.6,0.5,1.8,720.0,2000.0,93,210
3772,BORPUKHURI AT SONARI,2023,POND,ASSAM,21.0,36.0,5.1,8.4,6.8,7.8,98.0,128.0,2.1,2.8,0.5,1.1,700.0,1100.0,110,140
2208,"BORPUKHURI, NAZIRA, ASSAM",2023,POND,ASSAM,20.0,34.0,5.2,7.9,6.8,7.5,92.0,114.0,1.9,2.8,0.7,1.2,700.0,910.0,110,140
3051,"BUDAMERU CANAL NEAR BDG AT NH-5, KEESARAPALLI (V), GANNAVARAM (M)",2023,CANAL,ANDHRA PRADESH,24.0,25.0,1.6,3.1,6.7,8.0,810.0,1100.0,9.0,23.0,2.7,7.9,1100.0,4900.0,11,11
3051,"BUDAMERU CANAL NR BDG AT NH-5, KESARAPALLY, KRISHNA",2021,CANAL,ANDHRA PRADESH,24.0,26.0,5.4,6.6,7.2,7.9,1070.0,1730.0,3.2,6.0,1.4,3.1,460.0,470.0,,
4015,CALANGUTE BEACH,2021,BEACH,GOA,27.0,30.0,6.1,7.0,6.5,7.9,31300.0,61250.0,1.1,1.9,0.3,0.3,130.0,280.0,,
4015,CALANGUTE BEACH,2022,BEACH,GOA,27.0,30.0,5.7,7.5,7.4,8.4,29950.0,53320.0,1.0,1.9,0.32,0.42,79.0,540.0,4,94
2266,"CANAL DOWNSTREAM OF CUNCOLIM INDL.EST. CUNCOLIM, SALCETE (NEAR RAILWAY BRIDGE)",2021,CANAL,GOA,27.0,31.0,4.5,8.0,6.4,7.8,52.0,406.0,1.8,2.1,0.3,1.5,1700.0,4900.0,,
2266,"CANAL DOWNSTREAM OF CUNCOLIM INDL.EST. CUNCOLIM, SALCETE (NEAR RAILWAY BRIDGE)",2023,CANAL,GOA,26.0,31.0,4.4,8.2,5.9,7.4,32.0,400.0,1.0,2.0,0.3,1.6,400.0,7900.0,78,78
2265,"CANAL UP STREAM OF CUNCOLIM INDL.EST. CUNCOLIM, SALCETE (1 KM FROM M/S NICOMENT INDUSTRIES)",2021,CANAL,GOA,27.0,31.0,5.0,8.1,6.1,7.9,60.0,410.0,1.8,2.8,0.3,1.6,1300.0,3300.0,,
2265,"CANAL UP STREAM OF CUNCOLIM INDL.EST. CUNCOLIM, SALCETE (1 KM FROM M/S NICOMENT INDUSTRIES)",2023,CANAL,GOA,27.0,31.0,5.0,7.4,5.7,7.3,33.0,1400.0,1.0,1.7,0.3,0.8,1400.0,9200.0,140,140
2178,"CHIKHALI NALA MEETS GODAVARI RIVER, VILLAGE- CHIKHALI, TALUKA- NASHIK, DISTRICT- NASHIK.",2023,DRAIN,MAHARASHTRA,20.0,29.0,0.3,6.0,7.4,8.0,762.0,1066.0,3.0,18.0,0.7,4.9,45.0,180.0,2,
2267,"CREEK AT DANDO MOLLO, VELSAO, MAMUGAO",2021,CREEK,GOA,25.0,32.0,4.2,8.0,6.6,7.7,311.0,51530.0,1.8,2.4,0.3,3.8,1100.0,4900.0,,
2268,CUMBARJUA CANAL CORLIM(DISCHARGE POINT OF SYNGENTA LIMITED),2021,CANAL,GOA,27.0,31.0,4.2,8.1,6.1,7.7,118.0,46570.0,1.2,2.0,0.3,0.6,1300.0,4900.0,,
2268,CUMBARJUA CANAL CORLIM(DISCHARGE POINT OF SYNGENTA LIMITED),2023,CANAL,GOA,26.0,30.0,4.2,7.5,6.7,7.8,335.0,920.0,1.1,1.9,0.3,0.6,920.0,3500.0,79,79
4463,DHANESHAR NALLAH (U/S SAINJ WATER SUPPLY SCHEME) NEAR GYASI MATA MANDIR,2023,DRAIN,HIMACHAL PRADESH,9.0,19.0,7.1,8.2,7.9,8.4,114.0,766.0,1.0,1.0,0.3,2.2,20.0,1600.0,2,
2216,"DIGHALI PUKHURI, GUWAHATI, ASSAM",2023,POND,ASSAM,20.0,36.0,5.1,10.0,7.9,8.2,168.0,192.0,2.3,2.8,0.6,1.6,1400.0,1600.0,120,290
3821,"DIPLAI BEEL AT SILGARA, KOKRAJHAR",2023,LAKE,ASSAM,21.0,34.0,5.2,5.6,7.0,7.6,118.0,136.0,1.9,2.5,0.8,2.0,720.0,1400.0,95,150
5619,DOLOO LAKE AT CACHAR,2023,LAKE,ASSAM,23.0,27.0,5.1,5.5,6.8,7.4,132.0,142.0,2.3,5.5,0.7,1.1,730.0,1500.0,95,290
1263,"ELANGABEEL SYSTEM (CONNECTED TO R. KOLONG), ASSAM",2023,LAKE,ASSAM,16.0,34.0,4.3,5.5,7.0,7.5,236.0,280.0,2.3,2.8,1.0,2.2,720.0,2000.0,95,240
4356,ELERU CANAL NEAR PHARMA CITY,2021,CANAL,ANDHRA PRADESH,25.0,29.0,5.5,8.0,6.7,7.9,198.0,390.0,1.4,2.2,0.3,1.6,93.0,120.0,,
4356,"ELERU CANAL, NEAR PHARMA CITY,THADI (V),PARAVADA (M)",2023,CANAL,ANDHRA PRADESH,25.0,30.0,4.5,6.5,7.3,8.3,275.0,75.0,1.1,2.8,0.3,0.9,75.0,460.0,2,2
4421,"FROM NARMADA MAIN CANAL AT INDORAHMEDABAD HIGHWAY BRIDGE NEAR VILLAGE MOTIKANTADI TAL, GODHRA, DIST PANCHMAHAL",2021,CANAL,GUJARAT,21.0,29.0,6.8,8.3,7.0,8.4,291.0,563.0,1.8,2.6,0.3,0.3,21.0,70.0,,
2221,"GANGA PUKHURI, NALBARI (GORDON SCHOOL), ASSAM",2023,POND,ASSAM,22.0,35.0,5.4,10.1,7.0,7.9,102.0,130.0,2.0,2.6,0.5,1.7,600.0,1400.0,95,160
2209,"GAURISAGAR TANK, GAURISAGAR, ASSAM",2023,POND,ASSAM,22.0,35.0,5.0,7.5,6.7,7.5,97.0,128.0,1.6,2.7,0.7,1.5,730.0,1500.0,110,340
2212,"GOPHUR TANK, GOPHUR, ASSAM",2023,POND,ASSAM,21.0,30.0,6.8,7.3,6.8,7.6,138.0,192.0,2.0,2.7,0.6,1.7,910.0,1200.0,95,210
4374,"GOSTTA NADI- VELPURU CANAL AT HANUMAN TEMPLE, DOWNSTREAM OF TANUKU TOWN, ATTILI (M)",2021,CANAL,ANDHRA PRADESH,23.0,27.0,2.2,8.5,7.0,8.1,250.0,1120.0,1.3,3.8,0.8,2.3,120.0,240.0,,
4374,"GOSTTA NADI- VELPURU CANAL AT HANUMAN TEMPLE, DOWNSTREAM OF TANUKU TOWN, TANUKU",2023,CANAL,ANDHRA PRADESH,22.0,30.0,3.4,8.1,7.2,8.4,130.0,120.0,1.6,4.2,0.3,8.6,120.0,240.0,,
3052,"GUNTATHIPPA DRAIN B/C WITH RIVES CANAL AT RAMAVARAPPADU, VIJAYAWADA TOWN",2023,DRAIN,ANDHRA PRADESH,22.0,25.0,0.3,1.8,6.9,7.9,1548.0,2280.0,17.8,37.0,5.5,8.8,2300.0,5200.0,21,
3923,GURADIH NALLAH AT PANPOSH,2023,DRAIN,ODISHA,23.0,31.0,1.2,6.8,6.9,7.7,328.0,717.0,4.3,8.0,0.3,9.7,7900.0,160000.0,13,
5623,"HAFLONG LAKE, HAFLONG TOWN",2023,LAKE,ASSAM,17.0,24.0,5.1,5.8,6.8,7.2,129.0,192.0,2.2,2.6,0.8,1.0,620.0,1500.0,95,150
4474,HALOG NALLAH NEAR HALOG WATER SUPPLY SCHEME,2023,DRAIN,HIMACHAL PRADESH,8.0,13.0,9.4,9.6,7.6,8.3,97.0,347.0,1.0,1.0,0.4,1.4,7.0,1600.0,2,
2227,"HARDOI PUKHURI, CHARAIDEW, ASSAM",2023,POND,ASSAM,21.0,35.0,5.7,8.1,6.7,7.5,88.0,112.0,2.0,2.8,0.6,1.1,600.0,1500.0,110,280
4481,HATHLI NALLAH LIFT WATER SUPPLY SCHEME FOR MUNICIPAL COUNCIL HAMIRPUR,2023,DRAIN,HIMACHAL PRADESH,19.0,28.0,7.6,8.5,6.6,7.9,278.0,680.0,1.0,2.3,0.3,8.5,21.0,47.0,2,
3787,"HOLLUNGA BEEL NEAR GAI NADI/ RIVER AT SOMARAJAN, DHEMA JI",2023,LAKE,ASSAM,22.0,24.0,4.5,7.8,6.9,7.3,96.0,148.0,2.0,2.6,0.6,2.0,600.0,1300.0,95,210
5253,"HURLA NALLA D/S HURLA BRIDGE, VPO HURLA, TEHSIL BHUNTER, DIS. KULLU",2023,DRAIN,HIMACHAL PRADESH,5.0,18.0,7.3,8.3,7.1,8.5,60.0,155.0,1.0,1.0,0.3,0.7,140.0,540.0,2,
2213,"JAIPAL PUKHURI, SIPAJHAR, ASSAM",2023,POND,ASSAM,20.0,34.0,7.0,7.3,6.8,7.5,136.0,178.0,2.0,2.5,0.9,1.7,730.0,1600.0,95,290
4466,JARANGLA NALLAH D/S WATER SUPPLY SCHEME,2023,DRAIN,HIMACHAL PRADESH,8.0,15.0,8.8,9.4,7.5,8.4,112.0,524.0,1.0,1.0,0.4,4.2,33.0,3500.0,2,
4454,JARANGLA NALLAH U/S WATER SUPPLY SCHEME,2023,DRAIN,HIMACHAL PRADESH,8.0,15.0,8.8,9.4,7.5,8.3,110.0,485.0,1.0,1.0,0.4,5.3,23.0,3500.0,2,
1532,"JAYSAGAR TANK, SIVASAGAR, ASSAM",2023,POND,ASSAM,20.0,32.0,5.1,7.6,6.9,7.6,102.0,122.0,1.8,2.6,0.6,1.0,600.0,910.0,110,140
3809,JORPUKHURI AT UZANBAZAR (UGRATALA TEMPLE),2023,POND,ASSAM,20.0,31.0,5.0,7.7,6.9,7.8,322.0,364.0,2.1,2.8,0.7,5.0,1400.0,2000.0,95,290
5617,"JUGIBEEL , GOLAGHAT",2023,LAKE,ASSAM,21.0,34.0,5.0,8.0,6.8,7.7,92.0,106.0,2.0,2.6,0.6,0.9,620.0,1500.0,95,150
5257,"KALAM NALLA D/S OF MSW PROCESSING SITE AT CHOWRI, DIST. CHAMBA",2023,DRAIN,HIMACHAL PRADESH,10.0,16.0,8.5,9.1,7.0,8.1,125.0,282.0,1.0,1.0,0.5,2.0,47.0,1600.0,2,
4337,"KAMALABARI LAKE INSIDE KAMALABARI CHILDREN'S PARK, GELEKY",2023,LAKE,ASSAM,19.0,32.0,5.1,7.4,6.6,7.5,78.0,106.0,1.9,2.5,0.6,1.4,600.0,910.0,110,140
3812,"KAMALPUR BEEL, KAMALPUR",2023,LAKE,ASSAM,20.0,37.0,0.3,6.2,7.1,7.7,1007.0,1062.0,21.0,26.2,2.0,3.6,1500.0,3600.0,210,490
4477,KHALADA NALLAH NEAR WATER SUPPLY SCHEME FOR KULLU TOWN,2023,DRAIN,HIMACHAL PRADESH,2.0,18.0,7.8,8.8,7.2,8.0,67.0,230.0,1.0,1.0,0.3,2.9,140.0,920.0,2,
4455,KLUIN NALLAH U/S WATER SUPPLY SCHEME,2023,DRAIN,HIMACHAL PRADESH,8.0,13.0,9.0,9.5,7.0,8.2,77.0,496.0,1.0,1.0,0.3,1.7,94.0,3500.0,2,
4370,"KRISHNA CANAL AT HANUMAN NAGAR, NEAR SAIBABA TEMPLE, ELIRU",2021,CANAL,ANDHRA PRADESH,22.0,28.0,2.3,6.5,7.1,7.7,389.0,968.0,1.6,4.2,0.8,2.0,150.0,240.0,,
4370,"KRISHNA CANAL AT HANUMAN NAGAR, NEAR SAIBABA TEMPLE, ELURU",2023,CANAL,ANDHRA PRADESH,22.0,28.0,4.2,8.4,7.5,8.0,132.0,120.0,1.2,2.8,0.3,2.9,120.0,460.0,,
4036,"KUNNI PUL, VILL SAMAHU, PO KUNIHAR, TEHSIL ARKI",2023,DRAIN,HIMACHAL PRADESH,10.0,15.0,7.4,7.8,7.9,8.4,231.0,3640.0,1.0,1.8,1.2,5.3,21.0,350.0,2,
5621,"LAUKHOWABEEL,DHUBRI",2023,LAKE,ASSAM,22.0,35.0,5.0,5.6,7.0,7.5,122.0,162.0,2.1,2.6,0.6,1.1,720.0,2000.0,95,210
4430,LIFT NALLAH BEFORE CONFLUENCE TO ASHWANI KHAD NEAR DOGRHA BRIDGE,2023,DRAIN,HIMACHAL PRADESH,9.0,23.0,6.4,8.1,5.9,8.3,83.0,828.0,1.5,12.0,0.3,6.9,540.0,1600.0,7,
4482,LIFT WATER SUPPLY SCHEME (PANJARAR) AND BHOTA ROPARI & UJHAN,2023,DRAIN,HIMACHAL PRADESH,19.0,28.0,7.5,8.5,6.5,8.1,312.0,689.0,1.0,2.1,0.3,1.6,17.0,70.0,2,
4475,"MACHADA NALLAH, MAJHOUTI WATER SUPPLY SCHEME NEAR NIRATH",2023,DRAIN,HIMACHAL PRADESH,8.0,13.0,9.3,9.7,7.5,8.3,116.0,359.0,1.0,1.0,0.3,2.3,21.0,1600.0,2,
20046,MADURAI,2023,STP,TAMIL NADU,25.0,39.0,0.3,6.0,6.7,7.9,1357.0,1563.0,4.0,18.0,0.3,1.0,2.0,22000.0,2,
5622,"MAGURI BEEL NEAR BRIDGE,TINSUKIA",2023,LAKE,ASSAM,22.0,26.0,5.0,9.5,6.7,8.0,120.0,162.0,1.8,2.7,0.6,1.2,610.0,1400.0,93,160
3783,"MAGURI BEEL, GUIJAN, TINSUKIA",2023,LAKE,ASSAM,23.0,27.0,5.1,9.7,6.6,7.2,110.0,168.0,1.9,2.7,0.5,1.8,730.0,1500.0,95,210
2223,"MAHAMAYA MANDIR PUKHURI, ASSAM",2023,POND,ASSAM,22.0,35.0,5.0,5.4,6.9,7.6,94.0,126.0,1.8,2.5,0.7,1.7,720.0,1600.0,95,210
3800,MALINI BEEL NEAR INDUTRIAL AREA AT RAMNAGAR,2023,LAKE,ASSAM,22.0,24.0,4.0,5.5,6.5,7.3,132.0,172.0,2.1,2.7,0.8,1.7,910.0,1400.0,95,210
4476,MANALSU NALLAH NEAR WATER SUPPLY SCHEME FOR MANALI TOWN,2023,DRAIN,HIMACHAL PRADESH,3.0,12.0,8.0,9.2,6.6,8.5,33.0,76.0,1.0,1.0,0.3,0.7,84.0,540.0,2,
2205,"MER BEEL AT MADHABPUR, ASSAM",2023,LAKE,ASSAM,22.0,23.0,5.0,7.1,6.8,7.3,120.0,154.0,2.0,2.4,0.6,1.8,720.0,1500.0,95,210
4014,MIRAMAR BEACH,2021,BEACH,GOA,27.0,29.0,6.0,7.5,7.0,8.0,18900.0,57680.0,1.8,2.0,0.3,0.8,33.0,350.0,,
4014,MIRAMAR BEACH,2022,BEACH,GOA,28.0,32.0,5.9,7.6,7.7,8.5,8856.0,55850.0,1.0,2.0,0.32,0.38,110.0,540.0,23,94
4017,MOBOR BEACH,2021,BEACH,GOA,27.0,32.0,5.8,7.1,6.7,7.8,26000.0,57880.0,1.8,1.9,0.3,0.8,33.0,540.0,,
4016,MORJIM BEACH,2021,BEACH,GOA,28.0,31.0,6.0,7.7,7.7,8.3,25800.0,58830.0,1.8,1.9,0.3,2.4,23.0,920.0,,
4016,MORJIM BEACH,2022,BEACH,GOA,28.0,30.0,5.5,7.3,7.3,8.7,15820.0,56510.0,1.0,2.1,0.32,0.32,23.0,280.0,8,110
2789,"NALA AT D/S OF AKLAI MANDIR, VILLAGE- AKLAI, TALUKA- MALSHIRAS, DISTRICT- SOLAPUR.",2023,DRAIN,MAHARASHTRA,26.0,36.0,4.4,5.2,7.2,8.1,1245.0,1750.0,7.2,13.0,0.3,2.4,150.0,900.0,7,
2073,"NARMADA MAIN CANAL, NR. VILLAGE. LIMBADIA, DIST. GANDHINAGAR,NARMADA CANAL AT LIMBADIYA",2023,CANAL,GUJARAT,27.0,33.0,4.8,7.6,7.4,8.3,212.0,4.0,1.0,1.3,0.3,1.3,4.0,21.0,,
2073,"NARMADA MAIN CANAL, NR. VILLAGE. LIMBADIA, DIST. GANDHINAGAR.",2021,CANAL,GUJARAT,26.0,30.0,4.6,7.3,7.6,8.1,219.0,322.0,1.8,1.1,0.42,2.1,6.0,47.0,,
5521,"NEAR AZARA RAILWAY STATION, GANAKPARA CHAKARDOI",2023,LAKE,ASSAM,23.0,34.0,5.1,9.6,6.6,8.0,236.0,302.0,3.5,5.8,1.3,2.1,360.0,3500.0,2,490
4861,"NEAR HUDA/ HSVP WATER WORKS, BASAI, GURUGRAM",2023,WATER TREATMENT PLANT (RAW WATER),HARYANA,22.0,30.0,7.0,7.7,7.0,7.8,1010.0,1210.0,1.0,1.0,0.3,0.3,1900.0,2900.0,2,
4006,NETAI PUKHURI AT NETAI PUKHURI,2023,POND,ASSAM,22.0,35.0,5.6,7.6,6.7,7.4,90.0,120.0,2.1,2.6,0.6,1.1,720.0,730.0,100,140
2211,"PADUMPUKHURI, TEZPUR, ASSAM",2023,POND,ASSAM,20.0,34.0,6.8,7.2,6.9,7.6,186.0,240.0,2.2,2.7,0.6,1.6,600.0,1500.0,95,240
5620,"PANIDIHING BIRD SANCTUARY ,SIVASAGAR",2023,LAKE,ASSAM,21.0,39.0,5.1,6.1,6.8,7.4,92.0,112.0,2.0,2.4,0.7,1.2,1100.0,2100.0,180,340
3808,PARASHALI BEEL AT DEMORIA,2023,LAKE,ASSAM,21.0,34.0,5.0,7.2,7.0,7.5,102.0,138.0,2.0,2.7,0.7,2.6,600.0,1400.0,95,210
2790,"PIMPAL-PANERI NALA AT RATNAGIRI NEAR FINOLEX INDUSTRIES, VILLAGE- YAHGANIGAON, TALUKA- RATNAGIRI, DISTRICT- RATNAGIRI.",2023,DRAIN,MAHARASHTRA,26.0,31.0,7.0,7.9,6.0,7.2,245.0,5476.0,1.8,3.0,0.3,1.7,21.0,43.0,2,
3806,POND WATER FROM RAMKRISHNA MISSION AT HAILAKANDI,2023,POND,ASSAM,22.0,24.0,5.1,6.2,6.5,7.2,120.0,156.0,2.3,2.9,0.7,1.1,910.0,1400.0,95,210
2222,"RAJADINIA PUKHURI AT ABHAYAPURI, ASSAM",2023,POND,ASSAM,23.0,38.0,5.1,5.4,6.9,7.5,132.0,156.0,2.0,2.5,0.7,2.0,910.0,1300.0,93,210
2224,"RAJAPUKHURI AT GAURIPUR, ASSAM",2023,POND,ASSAM,22.0,35.0,5.0,5.5,6.9,7.4,110.0,150.0,2.0,2.6,0.7,1.8,730.0,1400.0,95,240
2210,"RAJMAW PUKHURI, JORHAT, ASSAM",2023,POND,ASSAM,23.0,36.0,5.3,7.9,6.9,7.9,90.0,130.0,2.0,2.7,0.6,1.4,720.0,1100.0,110,270
4425,RAW WATER FOR LWSS OF CHURAT NALLAH,2023,DRAIN,HIMACHAL PRADESH,8.0,15.0,7.8,9.2,7.5,8.3,102.0,231.0,1.0,1.0,0.3,4.0,26.0,1600.0,2,
4426,RAW WATER FOR LWSS OF JAGROTI NALLAH,2023,DRAIN,HIMACHAL PRADESH,8.0,14.0,7.6,9.3,7.6,8.3,92.0,156.0,1.0,1.0,0.3,1.0,2.0,1600.0,2,
2401,RIVER AJAY AT MASANJORE DAM,2022,RIVER,JHARKHAND,17.0,36.0,5.8,6.6,7.5,7.8,94.0,318.0,1.3,1.6,0.42,1.8,75.0,910.0,,
2951,"RIVER BANAS BISULPUR DAM, TONK, RAJASTHAN",2022,RIVER,RAJASTHAN,17.0,32.0,3.7,6.2,8.1,8.55,525.0,819.0,1.1,2.1,0.84,3.43,110.0,280.0,17,32
2392,RIVER BARAKAR AT MAITHAN DAM,2022,RIVER,JHARKHAND,13.0,26.0,7.3,7.8,7.4,7.6,219.0,681.0,1.3,2.3,0.42,1.8,75.0,910.0,,
2124,"RIVER BETWA AT CHARANTIRGHAT, VIDISHA",2022,RIVER,MADHYA PRADESH,5.0,32.0,5.0,13.6,7.32,8.86,164.0,1056.0,1.2,20.4,5.2,14.59,120.0,1600.0,BDL,BDL
30080,"RIVER BETWA AT KANJIA ROAD BRIDGE, KANJIA DIST.ASHOK NAGAR (M.P.)",2022,RIVER,MADHYA PRADESH,21.4,32.6,7.9,10.2,7.83,8.14,285.0,499.0,1.6,3.3,0.32,1.9,4500.0,790000.0,BDL,BDL
2108,"RIVER BETWA AT M/S J.P. THERMAL POWER, BINA",2022,RIVER,MADHYA PRADESH,21.0,31.0,6.1,7.8,7.36,8.32,216.0,566.0,1.1,1.9,0.34,2.11,26.0,63.0,BDL,BDL
2107,"RIVER BETWA AT U/S AT MAHUTA GHAT, AGASOD, BINA",2022,RIVER,MADHYA PRADESH,21.0,31.0,6.0,7.5,7.32,8.22,215.0,551.0,1.1,1.8,0.33,2.25,27.0,79.0,BDL,BDL
3832,RIVER BETWA AT U/S NEAR ROAD BRIDGE ORCHHA,2022,RIVER,MADHYA PRADESH,22.0,30.0,6.6,7.5,7.28,8.38,199.0,532.0,1.1,2.1,0.32,0.53,22.0,84.0,BDL,BDL
2125,RIVER BETWA D/S AFTER MIXING OF RIVER BAIS AT VIDISHA,2022,RIVER,MADHYA PRADESH,18.0,32.0,5.5,13.3,7.08,8.27,154.0,1094.0,1.5,16.8,3.02,16.28,150.0,1600.0,BDL,BDL
1614,"RIVER BETWA NEAR WATER SUPPLY INTAKE WELL , VIDISHA(M.P)",2022,RIVER,MADHYA PRADESH,17.0,32.0,4.7,12.4,6.96,8.25,149.0,710.0,1.4,5.0,2.88,10.44,120.0,350.0,BDL,BDL
2381,RIVER BOKARO AT ZARANGDIH BRIDGE,2022,RIVER,JHARKHAND,18.5,33.5,7.3,8.1,7.0,7.6,219.0,681.0,1.6,2.8,0.42,1.8,75.0,910.0,,
3309,"RIVER CHAMBAL AT TAL VILLAGE NEAR BRIDGE, UJJAIN",2022,RIVER,MADHYA PRADESH,22.0,30.0,6.4,7.7,7.26,8.05,192.0,2057.0,2.0,6.0,0.66,2.62,48.0,1600.0,2,2
2955,"RIVER CHAMBAL ENTERING IN RAJASTHAN AT GANDHI SAGAR DAM, RAWATBHATA,CHITTORGARH",2022,RIVER,RAJASTHAN,17.0,31.0,5.0,6.6,7.1,8.38,330.0,682.0,1.1,3.6,1.21,3.42,210.0,280.0,21,29
4083,"RIVER DAMODAR NEAR ROHINI PROJECT, NK AREA, PO-DAKRA, RANCHI",2022,RIVER,JHARKHAND,14.0,26.0,6.7,8.5,6.6,8.0,219.0,681.0,1.5,3.0,0.42,1.8,75.0,910.0,,
3553,RIVER DAMODAR NEAR TELMUCHO BRIDGE,2022,RIVER,JHARKHAND,14.5,30.0,7.3,8.5,7.4,7.7,219.0,681.0,2.3,3.4,0.42,1.8,75.0,910.0,,BDL
3555,"RIVER DAMODAR NEAR ZARANGDIH BRIDGE, BOKARO",2022,RIVER,JHARKHAND,18.0,33.0,7.5,8.7,7.4,7.6,219.0,681.0,1.8,2.7,0.42,1.8,75.0,910.0,,
4000,RIVER GARGA NEAR TELMUCHO BRIDGE,2022,RIVER,JHARKHAND,15.0,30.0,6.5,7.5,7.2,7.5,219.0,681.0,2.2,3.6,0.42,1.8,75.0,910.0,,
3876,RIVER GIRI AFTER CONFLUENCE OF ASHWANI RIVER AT VILLAGE MARYOG,2022,RIVER,HIMACHAL PRADESH,7.0,18.0,7.5,8.9,7.54,8.48,164.0,750.0,1.8,2.6,0.89,7.49,21.0,1600.0,BDL,BDL
2621,RIVER GIRI AT D/S YASHWANT NAGAR AFTER CONF. WITH ASHWANI KHAD AT YASHWANT NAGAR- NEAR SHANI MANDIR,2022,RIVER,HIMACHAL PRADESH,8.0,16.0,6.9,8.6,7.54,8.3,181.0,646.0,1.8,2.6,1.01,12.12,26.0,1600.0,BDL,BDL
2622,RIVER GIRI AT U/S CCI MINES AT VILLAGE NADI,2022,RIVER,HIMACHAL PRADESH,20.0,27.0,6.9,8.2,7.77,8.32,310.0,1079.0,1.8,2.6,0.32,0.85,40.0,170.0,BDL,BDL
3860,"RIVER GIRI D/S CEMENT CORPORATION OF INDIA, RAJBAN AT BANGRAN BRIDGE",2022,RIVER,HIMACHAL PRADESH,19.0,26.0,7.4,8.0,7.6,8.16,359.0,918.0,1.8,2.6,0.32,0.91,46.0,170.0,BDL,
4028,"RIVER GIRI D/S KALGIDHAR TRUST, BARU SAHIB",2022,RIVER,HIMACHAL PRADESH,20.0,27.0,7.4,8.2,7.79,8.25,275.0,687.0,1.8,2.6,0.32,1.23,130.0,280.0,BDL,BDL
3878,RIVER GIRI D/S LWSS AT SAINJ,2022,RIVER,HIMACHAL PRADESH,8.0,23.0,6.9,8.5,7.37,8.17,59.0,1602.0,1.8,2.6,0.32,5.57,17.0,1600.0,BDL,BDL
4027,RIVER GIRI D/S RAJGARH TOWN,2022,RIVER,HIMACHAL PRADESH,21.0,26.0,7.5,8.3,7.55,8.27,277.0,557.0,1.8,2.6,0.32,1.19,130.0,210.0,BDL,BDL
2623,RIVER GIRI D/S SATAUN,2022,RIVER,HIMACHAL PRADESH,19.0,27.0,7.4,8.1,7.64,8.29,334.0,1065.0,1.8,2.6,0.32,1.0,40.0,220.0,BDL,BDL
4427,RIVER GIRI U/S CHAILLA,2022,RIVER,HIMACHAL PRADESH,7.0,23.0,7.0,8.6,7.23,8.18,61.0,1553.0,1.8,2.6,0.37,2.36,6.8,1600.0,BDL,BDL
3877,RIVER GIRI U/S LWSS AT SAINJ,2022,RIVER,HIMACHAL PRADESH,8.0,24.0,6.8,8.5,7.38,8.13,49.0,1612.0,1.8,2.6,0.37,2.82,14.0,1600.0,BDL,BDL
3054,"RIVER GODAVARI - OUTLET OF ASH POND EFFLUENTS OF M/S.NTPC, RAMAGUNDAM",2023,DRAIN,TELANGANA,25.0,29.0,1.6,6.0,8.5,11.2,599.0,1043.0,1.0,5.4,0.9,3.8,17.0,280.0,2,
4085,"RIVER JUMAR AT BIT MESRA, RANCHI",2022,RIVER,JHARKHAND,12.0,29.0,3.3,5.2,6.5,6.6,219.0,681.0,2.0,2.9,0.42,1.8,75.0,910.0,,
2396,RIVER JUMAR AT KANKE DAM,2022,RIVER,JHARKHAND,12.0,26.0,5.9,7.2,7.5,7.6,219.0,681.0,1.9,3.2,0.42,1.8,75.0,910.0,,
2953,"RIVER KALI SINDH AT ANICUT OF M/S CFCL GADEPAN, KOTA, RAJASTHAN",2022,RIVER,RAJASTHAN,21.0,34.0,3.7,5.6,7.98,8.46,390.0,808.0,1.2,2.2,0.83,2.62,75.0,220.0,23,38
2956,"RIVER KALI SINDH AT BAROD ROAD BRIDGE, KOTA, RAJASTHAN",2022,RIVER,RAJASTHAN,22.0,34.0,3.7,5.1,8.15,8.56,485.0,1445.0,1.2,2.1,1.71,2.97,64.0,210.0,14,25
2390,RIVER KONAR AT TENUGHAT DAM,2022,RIVER,JHARKHAND,16.0,33.0,7.4,8.0,7.4,7.8,219.0,681.0,1.3,2.0,0.42,1.8,75.0,910.0,,
3554,"RIVER KONAR NEAR SWANG COAL WASHERY, BOKARO",2022,RIVER,JHARKHAND,19.0,34.0,7.4,7.8,7.3,7.6,219.0,681.0,1.8,2.7,0.42,1.8,75.0,910.0,,
4665,"RIVER MANERU (TRIBUTARY OF GODAVARI) - OUTLET OF KTPP ASH POND JOINING TO MORANCHA VAGU, CHELPUR (V), GHANPUR (MULUGU) (M), , JAYASHANKAR BHUPALAPALLI DISTRICT",2023,DRAIN,TELANGANA,25.0,28.0,2.8,6.1,7.5,8.8,522.0,856.0,1.8,3.2,0.4,17.0,26.0,58.0,2,
2952,"RIVER NEAR NEWTA DAM,JAIPUR,RAJSTHAN",2022,RIVER,RAJASTHAN,18.0,31.0,1.6,2.9,7.97,8.82,1918.0,3040.0,3.3,5.4,2.58,6.56,430.0,540.0,,
1034,"RIVER SANKH AT BOLBA, JHARKHAND",2022,RIVER,JHARKHAND,12.0,27.0,7.8,8.5,7.3,7.5,219.0,681.0,1.1,1.8,0.42,1.8,75.0,910.0,,
4447,RIVER STLUJ D/S LANDFILL SITE RAMPUR,2021,RIVER,HIMACHAL PRADESH,8.4,14.5,8.4,9.4,7.2,8.4,168.0,2735.0,1.0,1.0,0.32,1.92,2.0,110.0,,
1016,RIVER SUTLEJ AT D/S BHAKHRA,2021,RIVER,HIMACHAL PRADESH,8.2,26.0,8.2,9.4,7.0,7.9,185.0,261.0,1.0,1.0,0.3,5.1,2.0,2.0,,
1814,"RIVER SUTLEJ AT D/S KIRATPUR SAHIB, PUNJAB",2021,RIVER,PUNJAB,7.3,22.0,7.3,10.1,7.5,8.6,198.0,281.0,1.0,1.0,1.2,1.8,75.0,910.0,,
1015,RIVER SUTLEJ AT D/S SLAPPER,2021,RIVER,HIMACHAL PRADESH,8.5,21.0,8.5,9.6,7.2,8.0,111.0,262.0,1.0,1.0,0.32,1.12,2.0,2.0,,
30009,RIVER SUTLEJ AT NANGAL (H.P.),2021,RIVER,HIMACHAL PRADESH,9.0,25.0,9.0,9.6,7.1,7.7,207.0,293.0,2.0,2.0,0.32,0.72,8.0,330.0,,
30010,RIVER SUTLEJ AT NOORPUR BEDI ROAD (PUNJAB),2021,RIVER,PUNJAB,8.9,26.0,8.9,10.2,7.1,7.7,218.0,299.0,2.0,2.0,0.32,0.72,11.0,540.0,,
1014,RIVER SUTLEJ AT U/S SLAPPER,2021,RIVER,HIMACHAL PRADESH,8.2,21.0,8.2,9.7,7.3,8.1,110.0,287.0,1.0,1.0,0.32,0.77,2.0,2.0,,
1013,RIVER SUTLEJ AT U/S TATAPANI,2021,RIVER,HIMACHAL PRADESH,8.5,15.0,8.5,9.0,7.3,8.2,1229.0,3096.0,1.0,1.0,0.32,1.34,2.0,12.0,,
4451,RIVER SUTLEJ D/S CONFLUENCE WITH GANVI KHAND,2021,RIVER,HIMACHAL PRADESH,8.9,14.0,8.9,9.5,7.1,8.2,978.0,3829.0,1.0,1.0,0.32,2.52,2.0,5.0,,
4033,RIVER SUTLEJ D/S KHAIRIAN SOLID WASTE DUMPING SITE BILASPUR,2021,RIVER,HIMACHAL PRADESH,8.2,23.0,8.2,9.7,7.1,8.2,178.0,284.0,1.0,1.0,0.32,1.42,2.0,2.0,,
4450,RIVER SUTLEJ U/S CONFLUENCE WITH GANVI KHAND,2021,RIVER,HIMACHAL PRADESH,8.9,14.0,8.9,9.5,7.4,8.3,960.0,3837.0,1.0,1.0,0.32,2.12,2.0,2.0,,
4032,RIVER SUTLEJ U/S KHAIRIAN SOLID WASTE DUMPING SITE BILASPUR,2021,RIVER,HIMACHAL PRADESH,8.3,23.0,8.3,9.8,7.1,8.3,173.0,308.0,1.0,1.0,0.32,1.78,2.0,2.0,,
4446,RIVER SUTLEJ U/S LANDFILL SITE RAMPUR,2021,RIVER,HIMACHAL PRADESH,8.6,14.5,8.6,9.4,7.5,8.5,1149.0,3721.0,1.0,1.0,0.32,1.92,2.0,94.0,,
30023,RIVER TONS AT HARIPUR (U.K.),2022,RIVER,UTTARAKHAND,14.0,23.5,8.7,9.4,8.1,8.5,158.0,290.0,1.8,2.6,0.32,0.52,13.0,79000.0,2,BDL
1510,RIVER TONS AT TIUNI (HIMACHAL PRADESH/UTTRA KHAND BORDER),2022,RIVER,HIMACHAL PRADESH,8.0,24.0,7.1,9.0,7.52,8.14,55.0,1000.0,1.8,2.6,0.37,1.9,7.8,920.0,BDL,2
4357,RUSHIKONDA BEACH,2021,BEACH,ANDHRA PRADESH,26.0,29.0,5.0,8.2,7.1,8.5,36800.0,53500.0,1.5,2.2,0.3,1.3,64.0,120.0,,
4357,"RUSHIKONDA BEACH,VISAKHAPATNAM",2022,BEACH,ANDHRA PRADESH,25.0,29.0,4.8,7.0,7.7,8.5,31700.0,55700.0,1.2,2.9,0.32,1.13,39.0,150.0,-,-
4035,SAHU NALLAH D/S BHURI SINGH SHEP,2023,DRAIN,HIMACHAL PRADESH,8.0,14.0,8.5,9.7,7.5,8.2,129.0,292.0,1.0,1.0,0.6,2.6,63.0,9200.0,2,
4034,SAHU NALLAH U/S BHURI SINGH SHEP,2023,DRAIN,HIMACHAL PRADESH,8.0,15.0,8.8,9.7,7.6,8.2,130.0,286.0,1.0,1.0,0.5,3.1,94.0,5400.0,2,
4462,SAINJ NALLAH (U/S SAINJ WATER SUPPLY SCHEME AT DARGI),2023,DRAIN,HIMACHAL PRADESH,9.0,19.0,7.0,8.2,7.6,8.4,104.0,682.0,1.0,1.0,0.3,2.6,26.0,1600.0,2,
3798,SAMAGURI BEEL IN NAGAON DISTRICT,2023,LAKE,ASSAM,16.0,34.0,4.9,5.9,6.8,7.3,90.0,120.0,2.0,2.5,0.6,1.7,910.0,1400.0,95,210
2354,"SAMARLA KOTA CANAL, KAKINADA, EAST GODAVARI",2021,CANAL,ANDHRA PRADESH,22.0,29.0,2.8,6.0,6.8,8.6,220.0,518.0,2.0,3.8,0.7,2.3,120.0,210.0,,
2354,"SAMARLA KOTA CANAL,SAMARLA KOTA (V & M)",2023,CANAL,ANDHRA PRADESH,25.0,27.0,3.4,7.0,6.3,8.4,241.0,64.0,2.4,5.2,0.3,2.9,64.0,1100.0,4,4
2215,"SARAN BEEL, ASSAM",2023,LAKE,ASSAM,18.0,36.0,5.3,9.3,6.8,8.0,84.0,128.0,1.8,2.5,0.4,1.6,620.0,1100.0,93,150
3867,SARVARI NALLAH BEFORE CONFLUENCE TO RIVER BEAS,2023,DRAIN,HIMACHAL PRADESH,3.0,18.0,7.6,8.5,7.2,7.9,110.0,218.0,1.0,1.0,0.3,1.6,79.0,540.0,2,
4352,"SEA WAER BAY OF BENGAL, AFTER CONFLUENCE OF MARINE OUTFALL OF M/S MATRIX LABORATORIES LTD THAMMAYYAPALEM (V) PUSAPATIREGA (M)",2022,MARINE,ANDHRA PRADESH,25.0,28.0,5.2,6.6,7.7,8.5,32200.0,56400.0,1.4,2.8,0.32,0.88,39.0,210.0,-,-
4352,"SEA WAER BAY OF BENGAL, AFTER CONFLUENCE OF MARINE OUTFALL OF M/S MATRIX LABORATORIES LTD.THAMMAVAYAPALEM (V) PUSAPATIREGA (M)",2021,MARINE,ANDHRA PRADESH,25.0,32.0,5.3,8.5,7.4,8.1,34700.0,53500.0,1.6,2.5,0.3,1.8,64.0,95.0,,
4349,"SEA WATER , BAY OF BENGAL, AFTER CONFLUENCE OF MARINE OUTFALL OF M/S. AUROBINDO PHARMA LTD. PYDIBHEEMAVARAM (V) RANASTHALAM (M)",2021,MARINE,ANDHRA PRADESH,21.0,34.0,5.0,8.0,7.2,8.1,25900.0,53500.0,1.6,2.4,0.4,1.7,64.0,95.0,,
4361,"SEA WATER BAY BENGAL, UPPADA BEACH ROAD, KAKINADA",2021,BEACH,ANDHRA PRADESH,24.0,29.0,3.2,7.0,7.0,7.9,30600.0,53100.0,1.8,2.8,0.3,3.0,49.0,93.0,,
4361,"SEA WATER BAY BENGAL, UPPADA BEACH ROAD, KAKINADA",2022,BEACH,ANDHRA PRADESH,25.0,28.0,4.5,7.9,7.8,8.5,4800.0,51400.0,2.2,2.8,0.42,1.32,48.0,150.0,-,-
4363,"SEA WATER BAY OF BENGAL NEAR KUMBHABHISHEKAM TEMPALE, KAKINADA",2021,SEA,ANDHRA PRADESH,23.0,30.0,2.0,6.6,7.0,8.0,1020.0,46900.0,2.2,5.8,0.3,3.5,75.0,120.0,,
4363,"SEA WATER BAY OF BENGAL NEAR KUMBHABHISHEKAM TEMPALE, KAKINADA",2022,SEA,ANDHRA PRADESH,24.0,26.0,5.7,7.5,7.1,8.2,481.0,47000.0,2.2,2.8,0.9,4.27,64.0,460.0,-,-
4383,"SEA WATER BAY OF BENGAL, FISHING HARBOUR, NIZAMPATNAM",2021,MARINE,ANDHRA PRADESH,21.0,25.0,3.6,5.3,7.1,8.0,32900.0,55700.0,2.0,2.8,0.9,2.3,43.0,120.0,,
4383,"SEA WATER BAY OF BENGAL, FISHING HARBOUR, NIZAMPATNAM (V & M)",2022,MARINE,ANDHRA PRADESH,22.0,24.0,4.6,6.7,7.3,8.0,26000.0,56200.0,2.3,2.9,0.74,1.93,64.0,272.0,2,5
4371,"SEA WATER, BAY OF BENGAL AFTER CONFLUENCE OF RIVER VASHISTA GODAVARI AT CHINNAMAINAVANILANKA (V), NARSAPUR (M)",2021,MARINE,ANDHRA PRADESH,24.0,30.0,4.5,7.8,7.0,8.2,5030.0,51500.0,1.5,3.5,0.4,2.2,64.0,120.0,,
4371,"SEA WATER, BAY OF BENGAL AFTER CONFLUENCE OF RIVER VASHISTA GODAVARI AT CHINNAMAINAVARILANKA (V), NARSAPUR (M)",2022,MARINE,ANDHRA PRADESH,22.0,30.0,5.1,8.0,7.8,8.4,7300.0,51500.0,1.3,2.0,0.38,1.15,49.0,120.0,-,-
4362,"SEA WATER, BAY OF BENGAL NEAR DEEP WATER PORT, KAKINADA (1KM AWAY FROM JETTY)",2021,SEA,ANDHRA PRADESH,23.0,29.0,3.8,7.2,7.0,8.0,1120.0,50800.0,1.9,3.0,0.3,3.7,64.0,120.0,,
4362,"SEA WATER, BAY OF BENGAL NEAR DEEP WATER PORT, KAKINADA (1KM AWAY FROM JETTY)",2022,SEA,ANDHRA PRADESH,25.0,27.0,5.3,8.0,7.4,8.4,861.0,50300.0,2.2,3.9,0.82,3.32,75.0,460.0,-,-
4349,"SEA WATER, BAY OF BENGAL, AFTER CONFLUENCE OF MARINE OUTFALL OF M/S.AUROBINDO PHARMA LTD. PYDIBHEEMAVARAM (V), RANASTHALAM (M)",2022,MARINE,ANDHRA PRADESH,21.0,30.0,5.2,7.2,7.4,8.4,13800.0,57300.0,1.2,2.5,0.32,1.38,48.0,120.0,-,-
4385,"SEA WATER, BAY OF BENGAL, KOTHAPATNAM BEACH",2021,BEACH,ANDHRA PRADESH,22.0,25.0,3.6,5.9,7.1,8.0,34900.0,56200.0,2.2,2.8,0.8,1.4,23.0,93.0,,
4385,"SEA WATER, BAY OF BENGAL, KOTHAPATNAM BEACH",2022,BEACH,ANDHRA PRADESH,22.0,26.0,5.1,6.6,7.5,8.3,33120.0,57680.0,2.3,2.8,0.72,1.81,64.0,354.0,2,6
4387,"SEA WATER, BAY OF BENGAL, KRISHNAPATNAM PORT",2021,MARINE,ANDHRA PRADESH,18.0,23.0,3.7,5.6,7.1,8.0,34900.0,55700.0,2.4,2.8,1.0,1.3,23.0,120.0,,
4387,"SEA WATER, BAY OF BENGAL, KRISHNAPATNAM PORT",2022,MARINE,ANDHRA PRADESH,19.0,21.0,5.6,6.7,7.2,8.0,31200.0,52900.0,2.4,2.9,0.42,1.53,64.0,243.0,2,4
4378,"SEA WATER, BAY OF BENGAL, MANGINAPUDI BEACH, MACHILIPATNAM",2021,BEACH,ANDHRA PRADESH,25.0,30.0,3.4,5.3,7.0,7.8,35800.0,56900.0,2.0,2.8,0.8,1.3,43.0,120.0,,
4378,"SEA WATER, BAY OF BENGAL, MANGINAPUDI BEACH, MACHILIPATNAM (V & M)",2022,BEACH,ANDHRA PRADESH,25.0,27.0,5.5,6.8,7.5,8.0,38200.0,58500.0,2.4,2.8,0.83,1.82,75.0,252.0,2,4
4386,"SEA WATER, BAY OF BENGAL, VADAREVU BEACH, CHIRALA",2021,BEACH,ANDHRA PRADESH,22.0,25.0,3.5,5.7,6.8,8.0,35600.0,56400.0,2.4,2.8,0.8,1.6,23.0,120.0,,
4386,"SEA WATER, BAY OF BENGAL, VODAREVU BEACH, CHIRALA",2022,BEACH,ANDHRA PRADESH,22.0,25.0,5.4,6.7,7.6,8.1,32900.0,56900.0,2.6,2.9,0.72,1.66,75.0,210.0,2,5
3814,"SILSAKO BEEL, CHACHAL, GUWAHATI",2023,LAKE,ASSAM,18.0,30.0,0.3,4.6,7.0,7.5,370.0,446.0,10.6,19.2,0.7,2.0,2700.0,3600.0,460,490
2226,"SIVASAGAR TANK (BORPUKHURI) NEAR SIVADOL, ASSAM",2023,POND,ASSAM,21.0,34.0,5.2,7.9,6.8,7.6,70.0,120.0,2.0,2.8,0.6,1.3,730.0,1100.0,100,1100
3804,SON BEEL WATER AT KARIMGANJ,2023,LAKE,ASSAM,20.0,24.0,4.5,6.9,6.8,7.3,112.0,136.0,2.0,2.8,0.7,1.2,910.0,1200.0,95,210
3819,"SORU SOLA BEEL, PALTAN BAZAR, GUWAHATI",2023,LAKE,ASSAM,19.0,30.0,0.3,1.1,7.0,7.5,370.0,440.0,14.6,25.8,0.7,5.6,4200.0,5300.0,460,490
2217,"SUBHAGYA KUNDA POND KAMAKHYA TEMPLE, GUWAHATI, ASSAM",2023,POND,ASSAM,20.0,32.0,5.0,8.5,6.8,7.6,240.0,278.0,2.2,2.8,0.6,1.8,1100.0,2000.0,95,290
1870,"SUKHANA NALLAH AT PARWANOO NEAR KALKA BARRIER, EXIT POINT OF H. P.",2023,DRAIN,HIMACHAL PRADESH,8.0,11.0,4.3,8.7,7.4,8.3,253.0,1284.0,1.0,26.0,0.5,15.7,21.0,1600.0,2,
4480,SURAJMUKHI NALLAH D/S STP AT U/S OF SHOOLINI UNIVERSITY SAMTI SOLAN,2023,DRAIN,HIMACHAL PRADESH,6.0,8.0,6.8,8.5,7.7,8.3,221.0,824.0,1.0,2.6,1.9,8.8,26.0,350.0,2,
3875,SURAJMUKHI NALLAH U/S WSS GALAYANA D/S OF SHOOLINI UNIVERSITY,2023,DRAIN,HIMACHAL PRADESH,7.0,9.0,7.2,8.8,7.7,8.3,223.0,853.0,1.0,7.5,2.8,10.4,24.0,540.0,2,
2074,"TAPI CANAL AT VILLAGE UMARWADA, NEAR GIDC ESTATE OF PANOLI.",2021,CANAL,GUJARAT,25.0,37.0,6.6,8.9,7.8,8.5,317.0,808.0,1.8,2.6,0.42,0.5,20.0,170.0,,
3775,TENGA PUKHURI AT TENGAPUKHURI,2023,POND,ASSAM,21.0,35.0,5.2,8.1,6.6,7.7,96.0,112.0,1.9,2.5,0.7,1.0,730.0,1500.0,110,280
4334,"THOWRADOLE PUKHURI, THOWRADOLE G.P. DEMOW BLOCK",2023,POND,ASSAM,22.0,36.0,5.0,7.8,6.6,7.4,80.0,108.0,2.0,2.6,0.7,1.2,620.0,910.0,110,140
4013,TIRACOL BEACH,2021,BEACH,GOA,27.0,31.0,6.4,7.7,7.6,8.2,26000.0,61900.0,1.8,1.9,0.3,0.5,49.0,920.0,,
4013,TIRACOL BEACH,2022,BEACH,GOA,28.0,30.0,5.9,7.5,7.2,8.3,30500.0,52560.0,1.0,2.3,0.32,2.27,23.0,540.0,5,170
3053,"TULIA BAGH DRAIN AT MATLAPALEM (V), VEMULAVADA (M)",2023,DRAIN,ANDHRA PRADESH,24.0,26.0,4.9,6.9,6.7,7.6,525.0,24500.0,2.4,3.6,0.8,3.3,75.0,460.0,4,
2355,"TULJE BAGH CANAL, TEKRI DRAIN, KAKINADA, EAST GODAVARI",2021,CANAL,ANDHRA PRADESH,24.0,30.0,1.8,6.5,6.6,8.0,725.0,25200.0,3.8,5.2,0.8,3.9,210.0,460.0,,
3050,WATER WORKS- GHAZIABAD,2023,WATER TREATMENT PLANT (RAW WATER),UTTAR PRADESH,18.0,26.0,0.3,11.0,7.1,7.5,160.0,201.0,1.0,1.0,0.3,0.3,2.0,2.0,2,
3047,WATER WORKS- GURGAON,2023,WATER TREATMENT PLANT (RAW WATER),HARYANA,26.0,32.0,7.0,7.3,7.2,8.0,1120.0,1640.0,1.0,1.0,0.3,0.3,2700.0,5100.0,2,
1479,"WESTERN YAMUNA CANAL AT HAIDERPUR WATER WORKS, DELHI",2023,CANAL,DELHI,21.0,29.0,5.3,7.8,7.1,7.8,219.0,681.0,1.8,2.6,0.3,0.6,75.0,910.0,,
