sl_no,stp_name,year_of_commissioning,city_town_district,installed_capacity_mld,utilized_capacity_mld,rural_urban_other,technology_process,om_authority,measurement_date,ph,bod_mg_l,cod_mg_l,tss_mg_l,total_coliform_mpn_100ml,fecal_coliform_mpn_100ml,compliance_status,mode_of_disposal_treated_sewage_sludge,receiving_water_body,river_catchment,ganga_phase,timestamp_utc,facility_id,source_record_id,measurement_stage,dataset_id,data_origin,provenance_id
1,10.445 MLD STP near Tixi Tempel (Karanpur),2001,Etawah,10.445,8.0,R,WSP,"Yamuna Pollution Control Unit, UP Jal Nigam, Agra",05.12.2023,7.8,24.0,170.0,33.0,28000.0,810.0,Achieving,Jharana Nala,River Yamuna,,Phase-II,2023-12-05T00:00:00.000000Z,STP_UP_ETAWAH_001,UP_STP_SL_001,final_effluent,DATASET_04_CPCB_UP_STP,observed,SHA256:2f80de49e34984efec3e1abef70496db91bbc7d984eee01dadab3013f2765ec5
2,Etawah 21 MLD,2022,Etawah,21.0,21.0,R,SBR,UP Jal Nigam,05.12.2023,7.6,9.0,50.0,9.0,24000.0,560.0,Achieving,,River Yamuna,,Phase-II,2023-12-05T00:00:00.000000Z,STP_UP_ETAWAH_002,UP_STP_SL_002,final_effluent,DATASET_04_CPCB_UP_STP,observed,SHA256:2f80de49e34984efec3e1abef70496db91bbc7d984eee01dadab3013f2765ec5
3,13.5 MLD STP at Mauja Umrain,2013,Etawah,13.5,8.0,R,WSP,UP Jal Nigam,05.12.2023,7.7,20.0,160.0,38.0,24000.0,600.0,Achieving,On Land,River Yamuna,,Phase-II,2023-12-05T00:00:00.000000Z,STP_UP_ETAWAH_003,UP_STP_SL_003,final_effluent,DATASET_04_CPCB_UP_STP,observed,SHA256:2f80de49e34984efec3e1abef70496db91bbc7d984eee01dadab3013f2765ec5
4,03 MLD STP Firozabad,2014,Firozabad,3.0,3.0,O,UASB,Jal Kal,05.12.2023,7.7,26.0,180.0,54.0,35000.0,930.0,Achieving,,,,Phase-II,2023-12-05T00:00:00.000000Z,STP_UP_FIROZABAD_004,UP_STP_SL_004,final_effluent,DATASET_04_CPCB_UP_STP,observed,SHA256:2f80de49e34984efec3e1abef70496db91bbc7d984eee01dadab3013f2765ec5
5,"67 MLD Mohammadpur, Biharipur",2020,Firozabad,67.0,52.0,U,ASP+ extended aeration,U.P. Jal Nigam,05.12.2023,7.8,10.0,60.0,9.0,22000.0,600.0,Achieving,,River Yamuna,,Phase-II,2023-12-05T00:00:00.000000Z,STP_UP_FIROZABAD_005,UP_STP_SL_005,final_effluent,DATASET_04_CPCB_UP_STP,observed,SHA256:2f80de49e34984efec3e1abef70496db91bbc7d984eee01dadab3013f2765ec5
6,1.65 MLD Saifai (Paramedicals),2013,Etawah,1.65,0.9,U,SBR,U.P. Jal Nigam,05.12.2023,7.6,23.0,170.0,41.0,28000.0,910.0,Achieving,River Sengar,,,Phase-II,2023-12-05T00:00:00.000000Z,STP_UP_ETAWAH_006,UP_STP_SL_006,final_effluent,DATASET_04_CPCB_UP_STP,observed,SHA256:2f80de49e34984efec3e1abef70496db91bbc7d984eee01dadab3013f2765ec5
7,"23 MLD STP at Mauja Odenya, Padaria",2014,Mainpuri,23.0,11.0,U,UASB,U.P. Jal Nigam,05.12.2023,7.7,28.0,180.0,48.0,28000.0,830.0,Achieving,Through Drain,Kharja Drain,,Phase-II,2023-12-05T00:00:00.000000Z,STP_UP_MAINPURI_007,UP_STP_SL_007,final_effluent,DATASET_04_CPCB_UP_STP,observed,SHA256:2f80de49e34984efec3e1abef70496db91bbc7d984eee01dadab3013f2765ec5
8,26 MLD Jhansi Laxmi Taal,2021,Jhansi,26.0,22.0,U,SBR,U.P. Jal Nigam,02.12.2023,7.3,8.0,22.0,16.0,780.0,560.0,Achieving,,,,,2023-12-02T00:00:00.000000Z,STP_UP_JHANSI_008,UP_STP_SL_008,final_effluent,DATASET_04_CPCB_UP_STP,observed,SHA256:2f80de49e34984efec3e1abef70496db91bbc7d984eee01dadab3013f2765ec5
9,3.42 MLD Near Divyang kendra,2000,Chitrakoot,3.42,3.42,O,Oxidation Pond,Nagar Palika Parishad,02.11.2023,7.6,28.0,192.0,86.0,2100.0,1300.0,Not Achieving,,Lowland area,,Phase-II,2023-11-02T00:00:00.000000Z,STP_UP_CHITRAKOOT_009,UP_STP_SL_009,final_effluent,DATASET_04_CPCB_UP_STP,observed,SHA256:2f80de49e34984efec3e1abef70496db91bbc7d984eee01dadab3013f2765ec5
10,"42 MLD, Sajari Kanpur",2016-17,Kanpur,42.0,21.0,R,ASP,U.P. Jal Nigam,05.12.2023,8.15,21.0,140.0,48.0,390.0,330.0,Achieving,Disposal Channel,River Pandu,,Phase-I,2023-12-05T00:00:00.000000Z,STP_UP_KANPUR_010,UP_STP_SL_010,final_effluent,DATASET_04_CPCB_UP_STP,observed,SHA256:2f80de49e34984efec3e1abef70496db91bbc7d984eee01dadab3013f2765ec5
11,"210 MLD, Bingawan Kanpur",2015-16,Kanpur,210.0,135.0,R,UASB,U.P. Jal Nigam,05.12.2023,8.16,45.0,190.0,68.0,140000.0,110000.0,Not Achieving,Disposal Channel,River Pandu,,Phase-I,2023-12-05T00:00:00.000000Z,STP_UP_KANPUR_011,UP_STP_SL_011,final_effluent,DATASET_04_CPCB_UP_STP,observed,SHA256:2f80de49e34984efec3e1abef70496db91bbc7d984eee01dadab3013f2765ec5
12,"5 MLD, Jajmau Kanpur",1989-90,Kanpur,5.0,5.0,U,UASB,U.P. Jal Nigam,05.12.2023,8.14,39.0,170.0,60.0,120000.0,94000.0,Not Achieving,Irrigation,Irrigation Channel,,Phase-I,2023-12-05T00:00:00.000000Z,STP_UP_KANPUR_012,UP_STP_SL_012,final_effluent,DATASET_04_CPCB_UP_STP,observed,SHA256:2f80de49e34984efec3e1abef70496db91bbc7d984eee01dadab3013f2765ec5
13,"43 MLD Jajmau, Kanpur",2020,Kanpur,43.0,37.0,R,ASP,U.P. Jal Nigam,05.12.2023,8.08,27.0,140.0,58.0,70000.0,49000.0,Not Achieving,Irrigation,Irrigation Channel,,Phase-I,2023-12-05T00:00:00.000000Z,STP_UP_KANPUR_013,UP_STP_SL_013,final_effluent,DATASET_04_CPCB_UP_STP,observed,SHA256:2f80de49e34984efec3e1abef70496db91bbc7d984eee01dadab3013f2765ec5
14,"130 MLD Jajmau, Kanpur",1998-99,Kanpur,130.0,120.0,R,ASP,U.P. Jal Nigam,05.12.2023,8.18,21.0,120.0,56.0,110000.0,79000.0,Not Achieving,Irrigation,Irrigation Channel,,Phase-I,2023-12-05T00:00:00.000000Z,STP_UP_KANPUR_014,UP_STP_SL_014,final_effluent,DATASET_04_CPCB_UP_STP,observed,SHA256:2f80de49e34984efec3e1abef70496db91bbc7d984eee01dadab3013f2765ec5
15,"30 MLD Pankha, Kanpur",,Kanpur,30.0,,,,U.P. Jal Nigam,29.12.2023,7.85,18.0,90.0,34.0,430.0,220.0,Achieving,,,,,2023-12-29T00:00:00.000000Z,STP_UP_KANPUR_015,UP_STP_SL_015,final_effluent,DATASET_04_CPCB_UP_STP,observed,SHA256:2f80de49e34984efec3e1abef70496db91bbc7d984eee01dadab3013f2765ec5
16,2.7 MLD Fatehgarh STP,1992-93,Farrukhabad,2.7,2.35,U,WSP,U.P. Jal Nigam,05.12.2023,8.06,24.0,110.0,44.0,58000.0,43000.0,Not Achieving,Irrigation/river ganga,Irrigation/river ganga,,Phase-I,2023-12-05T00:00:00.000000Z,STP_UP_FARRUKHABAD_016,UP_STP_SL_016,final_effluent,DATASET_04_CPCB_UP_STP,observed,SHA256:2f80de49e34984efec3e1abef70496db91bbc7d984eee01dadab3013f2765ec5
17,"13 MLD Jalalpur, Amrapur, Kannauj",2017,Kanpur Dehat,13.0,13.0,U,SBR,U.P. Jal Nigam,05.12.2023,7.8,24.0,120.0,68.0,4600.0,3100.0,Not Achieving,Disposal Channel,River Kali (East),,Phase-I,2023-12-05T00:00:00.000000Z,STP_UP_KANPUR_DEHAT_017,UP_STP_SL_017,final_effluent,DATASET_04_CPCB_UP_STP,observed,SHA256:2f80de49e34984efec3e1abef70496db91bbc7d984eee01dadab3013f2765ec5
18,50 MLD STP Numayadahi,2013,Prayagraj,50.0,50.0,R,Bio-tower,"Ganga Pollution control unit, U.P. Jal Nigam",05.12.2023,7.24,18.0,40.0,20.0,15000.0,450.0,Achieving,,River Yamuna,,Phase-II,2023-12-05T00:00:00.000000Z,STP_UP_PRAYAGRAJ_018,UP_STP_SL_018,final_effluent,DATASET_04_CPCB_UP_STP,observed,SHA256:2f80de49e34984efec3e1abef70496db91bbc7d984eee01dadab3013f2765ec5
19,10 MLD STP Ponghat,2013,Prayagraj,10.0,10.0,R,Bio-tower,"Ganga Pollution control unit, U.P. Jal Nigam",05.12.2023,7.31,20.0,36.0,18.0,7900.0,400.0,Achieving,,River Ganga,,Phase-II,2023-12-05T00:00:00.000000Z,STP_UP_PRAYAGRAJ_019,UP_STP_SL_019,final_effluent,DATASET_04_CPCB_UP_STP,observed,SHA256:2f80de49e34984efec3e1abef70496db91bbc7d984eee01dadab3013f2765ec5
20,25 MLD STP Kodra,2013,Prayagraj,25.0,25.0,R,Bio-tower,"Ganga Pollution control unit, U.P. Jal Nigam",05.12.2023,7.28,20.0,44.0,28.0,14000.0,450.0,Achieving,,River Ganga,,Phase-II,2023-12-05T00:00:00.000000Z,STP_UP_PRAYAGRAJ_020,UP_STP_SL_020,final_effluent,DATASET_04_CPCB_UP_STP,observed,SHA256:2f80de49e34984efec3e1abef70496db91bbc7d984eee01dadab3013f2765ec5
21,60 MLD STP Rajapur,2013,Prayagraj,60.0,60.0,R,UASB,"Ganga Pollution control unit, U.P. Jal Nigam",05.12.2023,7.37,28.0,60.0,32.0,24000.0,680.0,Achieving,,River Ganga,,Phase-II,2023-12-05T00:00:00.000000Z,STP_UP_PRAYAGRAJ_021,UP_STP_SL_021,final_effluent,DATASET_04_CPCB_UP_STP,observed,SHA256:2f80de49e34984efec3e1abef70496db91bbc7d984eee01dadab3013f2765ec5
22,29 MLD STP Salori-1,2007,Prayagraj,29.0,29.0,R,FAB,"Ganga Pollution control unit, U.P. Jal Nigam",05.12.2023,7.26,26.0,52.0,28.0,35000.0,920.0,Achieving,,River Ganga,,Phase-II,2023-12-05T00:00:00.000000Z,STP_UP_PRAYAGRAJ_022,UP_STP_SL_022,final_effluent,DATASET_04_CPCB_UP_STP,observed,SHA256:2f80de49e34984efec3e1abef70496db91bbc7d984eee01dadab3013f2765ec5
23,14 MLD STP Salori-2 Expansion,2016,Prayagraj,14.0,14.0,U,SBR,"Ganga Pollution control unit, U.P. Jal Nigam",05.12.2023,7.09,12.0,24.0,8.0,8400.0,400.0,Achieving,,River Ganga,,Phase-II,2023-12-05T00:00:00.000000Z,STP_UP_PRAYAGRAJ_023,UP_STP_SL_023,final_effluent,DATASET_04_CPCB_UP_STP,observed,SHA256:2f80de49e34984efec3e1abef70496db91bbc7d984eee01dadab3013f2765ec5
24,20 MLD STP Naini,2013,Prayagraj,80.0,80.0,R,ASP,"Ganga Pollution control unit, U.P. Jal Nigam",05.12.2023,7.21,22.0,98.0,22.0,22000.0,680.0,Achieving,,River Yamuna,,Phase-II,2023-12-05T00:00:00.000000Z,STP_UP_PRAYAGRAJ_024,UP_STP_SL_024,final_effluent,DATASET_04_CPCB_UP_STP,observed,SHA256:2f80de49e34984efec3e1abef70496db91bbc7d984eee01dadab3013f2765ec5
25,,1999,,,,,,,05.12.2023,7.21,22.0,98.0,22.0,22000.0,680.0,Achieving,,River Yamuna,,Phase-II,2023-12-05T00:00:00.000000Z,STP_UP_NAN_025,UP_STP_SL_025,final_effluent,DATASET_04_CPCB_UP_STP,observed,SHA256:2f80de49e34984efec3e1abef70496db91bbc7d984eee01dadab3013f2765ec5
26,42 MLD STP Naini,2023,Prayagraj,42.0,36.0,R,FCR,U.P. Jal Nigam,19.12.2023,7.39,22.0,36.0,30.0,22000.0,680.0,Achieving,,River Ganga,,,2023-12-19T00:00:00.000000Z,STP_UP_PRAYAGRAJ_026,UP_STP_SL_026,final_effluent,DATASET_04_CPCB_UP_STP,observed,SHA256:2f80de49e34984efec3e1abef70496db91bbc7d984eee01dadab3013f2765ec5
27,14 MLD STP Phaphamau,2023,Prayagraj,14.0,14.0,R,FCR,U.P. Jal Nigam,19.12.2023,7.21,20.0,36.0,24.0,8400.0,400.0,Achieving,,River Ganga,,,2023-12-19T00:00:00.000000Z,STP_UP_PRAYAGRAJ_027,UP_STP_SL_027,final_effluent,DATASET_04_CPCB_UP_STP,observed,SHA256:2f80de49e34984efec3e1abef70496db91bbc7d984eee01dadab3013f2765ec5
28,16 MLD STP Jhunsi,2023,Prayagraj,16.0,15.0,R,FCR,U.P. Jal Nigam,19.12.2023,7.19,20.0,28.0,20.0,11000.0,680.0,Achieving,,River Ganga,,,2023-12-19T00:00:00.000000Z,STP_UP_PRAYAGRAJ_028,UP_STP_SL_028,final_effluent,DATASET_04_CPCB_UP_STP,observed,SHA256:2f80de49e34984efec3e1abef70496db91bbc7d984eee01dadab3013f2765ec5
29,80 MLD Dinapur STP,1994,Varanasi,80.0,67.77,U,ASP,U.P. Jal Nigam,05.12.2023,7.55,27.0,144.0,90.0,280.0,140.0,Achieving,,River Varuna,,Phase-II,2023-12-05T00:00:00.000000Z,STP_UP_VARANASI_029,UP_STP_SL_029,final_effluent,DATASET_04_CPCB_UP_STP,observed,SHA256:2f80de49e34984efec3e1abef70496db91bbc7d984eee01dadab3013f2765ec5
30,10 MLD Ramnagar,15.03.21,Varanasi,10.0,9.5,R,Anaerobic Anoxic Oxic,U.P. Jal Nigam,05.12.2023,7.61,7.0,38.0,8.0,280.0,140.0,Achieving,,,,Phase-II,2023-12-05T00:00:00.000000Z,STP_UP_VARANASI_030,UP_STP_SL_030,final_effluent,DATASET_04_CPCB_UP_STP,observed,SHA256:2f80de49e34984efec3e1abef70496db91bbc7d984eee01dadab3013f2765ec5
31,9.8 MLD Bhagwanpur STP,1989,Varanasi,9.8,9.8,R,ASP,U.P. Jal Nigam,05.12.2023,7.46,30.0,144.0,80.0,350.0,170.0,Achieving,,River Ganga,,Phase-II,2023-12-05T00:00:00.000000Z,STP_UP_VARANASI_031,UP_STP_SL_031,final_effluent,DATASET_04_CPCB_UP_STP,observed,SHA256:2f80de49e34984efec3e1abef70496db91bbc7d984eee01dadab3013f2765ec5
32,140 MLD Dinapur STP,11.11.2018,Varanasi,140.0,99.5,U,ASP,U.P. Jal Nigam,05.12.2023,7.68,19.0,46.0,22.0,350.0,130.0,Achieving,,River Varuna,,Phase-II,2023-12-05T00:00:00.000000Z,STP_UP_VARANASI_032,UP_STP_SL_032,final_effluent,DATASET_04_CPCB_UP_STP,observed,SHA256:2f80de49e34984efec3e1abef70496db91bbc7d984eee01dadab3013f2765ec5
33,120 MLD Goithaha STP,19.02.2019,Varanasi,120.0,40.0,U,SBR,U.P. Jal Nigam,05.12.2023,7.66,9.0,44.0,8.0,430.0,170.0,Achieving,Irrigation / Landfill,Chandpur irrigation canal,,Phase-II,2023-12-05T00:00:00.000000Z,STP_UP_VARANASI_033,UP_STP_SL_033,final_effluent,DATASET_04_CPCB_UP_STP,observed,SHA256:2f80de49e34984efec3e1abef70496db91bbc7d984eee01dadab3013f2765ec5
34,12 MLD BLW STP,06.04.1989,Varanasi,12.0,12.0,O,ASP,BLW,05.12.2023,7.39,72.0,276.0,138.0,310000.0,170000.0,Not Achieving,Irrigation (Lohata Form),,,Phase-II,2023-12-05T00:00:00.000000Z,STP_UP_VARANASI_034,UP_STP_SL_034,final_effluent,DATASET_04_CPCB_UP_STP,observed,SHA256:2f80de49e34984efec3e1abef70496db91bbc7d984eee01dadab3013f2765ec5
35,50 MLD Ramana,31.03.21,Varanasi,50.0,50.0,R,SBR,U.P. Jal Nigam,05.12.2023,7.59,8.0,40.0,8.0,350.0,110.0,Achieving,,River Ganga,,Phase-II,2023-12-05T00:00:00.000000Z,STP_UP_VARANASI_035,UP_STP_SL_035,final_effluent,DATASET_04_CPCB_UP_STP,observed,SHA256:2f80de49e34984efec3e1abef70496db91bbc7d984eee01dadab3013f2765ec5
36,30 MLD STP Pachhahatiya Jaunpur,2023,Varanasi,30.0,30.0,R,A2O,U.P. Jal Nigam,19.12.2023,7.68,8.2,42.0,14.0,430.0,220.0,Achieving,,River Gomti,,Phase-II,2023-12-19T00:00:00.000000Z,STP_UP_VARANASI_036,UP_STP_SL_036,final_effluent,DATASET_04_CPCB_UP_STP,observed,SHA256:2f80de49e34984efec3e1abef70496db91bbc7d984eee01dadab3013f2765ec5
37,07 MLD Vindyachal Mirzapur,2022,Mirzapur,7.0,3.23,U,SBR,M/s Ayyappa Infratech Pvt. Ltd under UPJN,04.12.2023,7.63,7.0,38.0,8.0,280.0,130.0,Achieving,Drain,River Ganga,,Phase-II,2023-12-04T00:00:00.000000Z,STP_UP_MIRZAPUR_037,UP_STP_SL_037,final_effluent,DATASET_04_CPCB_UP_STP,observed,SHA256:2f80de49e34984efec3e1abef70496db91bbc7d984eee01dadab3013f2765ec5
38,14 MLD Pakka Pokhra,1994,Mirzapur,14.0,14.0,U,UASB,U.P. Jal Nigam,04.12.2023,7.52,28.0,164.0,94.0,34000.0,17000.0,Not Achieving,,River Ganga,,Phase-II,2023-12-04T00:00:00.000000Z,STP_UP_MIRZAPUR_038,UP_STP_SL_038,final_effluent,DATASET_04_CPCB_UP_STP,observed,SHA256:2f80de49e34984efec3e1abef70496db91bbc7d984eee01dadab3013f2765ec5
39,"15 MLD S.T.P. Jharkhandi, Maherwa ki Bari",01.06.2015,Gorakhpur,15.0,11.89,U,SBR,U.P. Jal Nigam,05.12.2023,7.23,8.0,26.0,30.0,2200.0,920.0,Achieving,,Ramgarh Taal,,,2023-12-05T00:00:00.000000Z,STP_UP_GORAKHPUR_039,UP_STP_SL_039,final_effluent,DATASET_04_CPCB_UP_STP,observed,SHA256:2f80de49e34984efec3e1abef70496db91bbc7d984eee01dadab3013f2765ec5
40,"5 MLD S.T.P. Jharkhandi, Maherwa ki Bari",2023,Gorakhpur,5.0,4.5,U,SBR,U.P. Jal Nigam,05.12.2023,7.23,8.0,26.0,30.0,2200.0,920.0,Achieving,,Ramgarh Taal,,,2023-12-05T00:00:00.000000Z,STP_UP_GORAKHPUR_040,UP_STP_SL_040,final_effluent,DATASET_04_CPCB_UP_STP,observed,SHA256:2f80de49e34984efec3e1abef70496db91bbc7d984eee01dadab3013f2765ec5
41,"30 MLD S.T.P. Opp. Manyavar Kanshiram Shahri Garib Awas Yojna, Deoria bypass Road",01.02.2015,Gorakhpur,30.0,19.83,U,SBR,U.P. Jal Nigam,05.12.2023,7.42,7.0,24.0,28.0,1700.0,780.0,Achieving,,Ramgarh Taal,,,2023-12-05T00:00:00.000000Z,STP_UP_GORAKHPUR_041,UP_STP_SL_041,final_effluent,DATASET_04_CPCB_UP_STP,observed,SHA256:2f80de49e34984efec3e1abef70496db91bbc7d984eee01dadab3013f2765ec5
42,"38 MLD STP, Mahilpur Road",1998,Saharanpur,38.0,38.0,U,UASB,UPJN,05.12.2023,7.3,28.0,204.0,54.0,940.0,790.0,Achieving,Treated Sewage discharge in to Dhamola river sludge sale to farmers,Dhomala river,,Phase-II,2023-12-05T00:00:00.000000Z,STP_UP_SAHARANPUR_042,UP_STP_SL_042,final_effluent,DATASET_04_CPCB_UP_STP,observed,SHA256:2f80de49e34984efec3e1abef70496db91bbc7d984eee01dadab3013f2765ec5
43,6.5 MLD Awas vikas Parishad STP,2018,Lucknow,6.5,6.5,O,SBR,Jal Kal,05.12.2023,7.23,14.6,86.4,42.0,2600.0,610.0,Achieving,Public drain,River Gomti,,Phase-II,2023-12-05T00:00:00.000000Z,STP_UP_LUCKNOW_043,UP_STP_SL_043,final_effluent,DATASET_04_CPCB_UP_STP,observed,SHA256:2f80de49e34984efec3e1abef70496db91bbc7d984eee01dadab3013f2765ec5
44,37.5 MLD Awas vikas Parishad STP,2017,Lucknow,37.5,37.5,O,SBR,U.P. Awas vikas Parishad,05.12.2023,7.29,15.2,94.8,41.6,3200.0,780.0,Achieving,Public drain,River Gomti,,Phase-II,2023-12-05T00:00:00.000000Z,STP_UP_LUCKNOW_044,UP_STP_SL_044,final_effluent,DATASET_04_CPCB_UP_STP,observed,SHA256:2f80de49e34984efec3e1abef70496db91bbc7d984eee01dadab3013f2765ec5
45,"345 MLD STP, Bharwara",2011,Lucknow,345.0,345.0,U,UASB,U.P. Jal Nigam,05.12.2023,7.49,15.4,95.6,42.0,35000.0,7900.0,Not Achieving,Gomti River Fertilizer Manure,River Gomti,,Phase-II,2023-12-05T00:00:00.000000Z,STP_UP_LUCKNOW_045,UP_STP_SL_045,final_effluent,DATASET_04_CPCB_UP_STP,observed,SHA256:2f80de49e34984efec3e1abef70496db91bbc7d984eee01dadab3013f2765ec5
46,"56 MLD STP, Daulatganj",2002,Lucknow,56.0,,U,FAB,U.P. Jal Nigam,05.12.2023,7.21,16.2,96.4,45.8,2800.0,700.0,Achieving,River Gomti,River Gomti,,Phase-II,2023-12-05T00:00:00.000000Z,STP_UP_LUCKNOW_046,UP_STP_SL_046,final_effluent,DATASET_04_CPCB_UP_STP,observed,SHA256:2f80de49e34984efec3e1abef70496db91bbc7d984eee01dadab3013f2765ec5
47,,2011,,,,,,,05.12.2023,7.21,16.2,96.4,45.8,2800.0,700.0,Achieving,,,,,2023-12-05T00:00:00.000000Z,STP_UP_NAN_047,UP_STP_SL_047,final_effluent,DATASET_04_CPCB_UP_STP,observed,SHA256:2f80de49e34984efec3e1abef70496db91bbc7d984eee01dadab3013f2765ec5
48,"56 MLD Trans Hindon (Indirapuram), Ghaziabad",2000,Ghaziabad,56.0,56.0,U,UASB,U.P. Jal Nigam,06.12.2023,7.08,25.0,76.0,37.0,170000.0,110000.0,Not Achieving,,River Hindon,,Phase-II,2023-12-06T00:00:00.000000Z,STP_UP_GHAZIABAD_048,UP_STP_SL_048,final_effluent,DATASET_04_CPCB_UP_STP,observed,SHA256:2f80de49e34984efec3e1abef70496db91bbc7d984eee01dadab3013f2765ec5
49,"30 MLD, Sadullabad (Loni), Ghaziabad",2012,Ghaziabad,30.0,20.0,U,MBBR,U.P. Jal Nigam,05.12.2023,7.3,9.0,48.0,10.0,2800.0,790.0,Achieving,,River Hindon,,Phase-II,2023-12-05T00:00:00.000000Z,STP_UP_GHAZIABAD_049,UP_STP_SL_049,final_effluent,DATASET_04_CPCB_UP_STP,observed,SHA256:2f80de49e34984efec3e1abef70496db91bbc7d984eee01dadab3013f2765ec5
50,"74 MLD S.B.R., Indirapuram, Ghaziabad",2013,Ghaziabad,74.0,74.0,U,SBR,U.P. Jal Nigam,06.12.2023,7.2,8.0,44.0,10.0,2100.0,790.0,Achieving,,River Hindon,,Phase-II,2023-12-06T00:00:00.000000Z,STP_UP_GHAZIABAD_050,UP_STP_SL_050,final_effluent,DATASET_04_CPCB_UP_STP,observed,SHA256:2f80de49e34984efec3e1abef70496db91bbc7d984eee01dadab3013f2765ec5
51,"56 MLD S.B.R., Bapudham, Ghaziabad",2014,Ghaziabad,56.0,2.0,O,SBR,GDA,06.12.2023,7.2,8.0,40.0,14.0,1500.0,200.0,Achieving,,River Hindon,,Phase-II,2023-12-06T00:00:00.000000Z,STP_UP_GHAZIABAD_051,UP_STP_SL_051,final_effluent,DATASET_04_CPCB_UP_STP,observed,SHA256:2f80de49e34984efec3e1abef70496db91bbc7d984eee01dadab3013f2765ec5
52,"6 MLD STP Garh Zone, Garhmukeshwar Hapur",2011,Hapur / Garhmukteswar,6.0,3.5,R,UASB followed by extended aeration,U.P. Jal Nigam (NGRBA),07.12.2023,7.04,8.0,29.0,9.0,1600.0,350.0,Achieving,,Garh Sub-distibutaory of River Ganga,,Phase-I,2023-12-07T00:00:00.000000Z,STP_UP_HAPUR___GARHMUKTESWAR_052,UP_STP_SL_052,final_effluent,DATASET_04_CPCB_UP_STP,observed,SHA256:2f80de49e34984efec3e1abef70496db91bbc7d984eee01dadab3013f2765ec5
53,"3 MLD STP Brijghat Zone, Garhmukeshwar Hapur",2011,Hapur / Garhmukteswar,3.0,2.0,R,UASB followed by extended aeration,U.P. Jal Nigam (NGRBA),07.12.2023,7.52,7.0,36.0,9.0,2100.0,680.0,Achieving,,Brijghat Sub-distibutaory of River Ganga,,Phase-I,2023-12-07T00:00:00.000000Z,STP_UP_HAPUR___GARHMUKTESWAR_053,UP_STP_SL_053,final_effluent,DATASET_04_CPCB_UP_STP,observed,SHA256:2f80de49e34984efec3e1abef70496db91bbc7d984eee01dadab3013f2765ec5
54,"56 MLD, Indirapuram, (GDA), Ghaziabad",2012,Ghaziabad,56.0,56.0,U,SBR,U.P. Jal Nigam,06.12.2023,7.3,9.0,53.0,10.0,1600.0,350.0,Achieving,,River Hindon,,Phase-II,2023-12-06T00:00:00.000000Z,STP_UP_GHAZIABAD_054,UP_STP_SL_054,final_effluent,DATASET_04_CPCB_UP_STP,observed,SHA256:2f80de49e34984efec3e1abef70496db91bbc7d984eee01dadab3013f2765ec5
55,"56 MLD S.B.R., Dudahaida Vijay Nagar, Ghaziabad",2013,Ghaziabad,56.0,56.0,U,SBR,U.P. Jal Nigam,06.12.2023,7.3,7.0,38.0,8.0,1600.0,220.0,Achieving,Dasna drain,River Hindon,,Phase-II,2023-12-06T00:00:00.000000Z,STP_UP_GHAZIABAD_055,UP_STP_SL_055,final_effluent,DATASET_04_CPCB_UP_STP,observed,SHA256:2f80de49e34984efec3e1abef70496db91bbc7d984eee01dadab3013f2765ec5
56,"70 MLD U.A.S.B.R. Dudahaida Vijay Nagar, Ghaziabad",2000,Ghaziabad,70.0,70.0,U,UASB,U.P. Jal Nigam,06.12.2023,7.23,26.0,86.0,49.0,200000.0,140000.0,Not Achieving,Dasna drain,River Hindon,,Phase-II,2023-12-06T00:00:00.000000Z,STP_UP_GHAZIABAD_056,UP_STP_SL_056,final_effluent,DATASET_04_CPCB_UP_STP,observed,SHA256:2f80de49e34984efec3e1abef70496db91bbc7d984eee01dadab3013f2765ec5
57,3 MLD Pilkhaun,2015,Ghaziabad,3.0,3.0,U,MBBR,U.P. Jal Nigam,07.12.2023,7.24,24.0,70.0,40.0,1700.0,780.0,Achieving,Kadrabad drain,River kali/ River Ganga,,Phase-II,2023-12-07T00:00:00.000000Z,STP_UP_GHAZIABAD_057,UP_STP_SL_057,final_effluent,DATASET_04_CPCB_UP_STP,observed,SHA256:2f80de49e34984efec3e1abef70496db91bbc7d984eee01dadab3013f2765ec5
58,"5 MLD Trans Delhi Signature City (Tronica City), Loni",17.12.2019,Ghaziabad,5.0,3.5,O,MBBR,UPSIDC,05.12.2023,7.43,10.0,48.0,16.0,2400.0,610.0,Achieving,,Green belt development,,Phase-II,2023-12-05T00:00:00.000000Z,STP_UP_GHAZIABAD_058,UP_STP_SL_058,final_effluent,DATASET_04_CPCB_UP_STP,observed,SHA256:2f80de49e34984efec3e1abef70496db91bbc7d984eee01dadab3013f2765ec5
59,"56 MLD S.B.R. Govindpuram, Ghaziabad",2014,Ghaziabad,56.0,14.0,O,SBR,GDA,06.12.2023,7.3,10.0,48.0,15.0,1300.0,200.0,Achieving,Dasna drain,River Hindon,,Phase-II,2023-12-06T00:00:00.000000Z,STP_UP_GHAZIABAD_059,UP_STP_SL_059,final_effluent,DATASET_04_CPCB_UP_STP,observed,SHA256:2f80de49e34984efec3e1abef70496db91bbc7d984eee01dadab3013f2765ec5
60,20 MLD Modinagar,2023,"Modinagar, Ghaziabad",20.0,12.0,U,SBR,U.P. Jal Nigam,06.12.2023,7.42,22.0,70.0,43.0,3500.0,790.0,Achieving,Kadrabad Drain,Kali (East),,,2023-12-06T00:00:00.000000Z,STP_UP_MODINAGAR__GHAZIABAD_060,UP_STP_SL_060,final_effluent,DATASET_04_CPCB_UP_STP,observed,SHA256:2f80de49e34984efec3e1abef70496db91bbc7d984eee01dadab3013f2765ec5
61,"56 MLD S.B.R., Morty, Ghaziabad",2018,Ghaziabad,56.0,25.0,O,SBR,GDA,06.12.2023,7.06,13.0,44.0,18.0,2200.0,400.0,Achieving,,River Hindon,,Phase-II,2023-12-06T00:00:00.000000Z,STP_UP_GHAZIABAD_061,UP_STP_SL_061,final_effluent,DATASET_04_CPCB_UP_STP,observed,SHA256:2f80de49e34984efec3e1abef70496db91bbc7d984eee01dadab3013f2765ec5
62,30 MLD Hapur,2022,"Hapur, Ghaziabad",30.0,7.0,U,SBR,UPJN,07.12.2023,7.26,8.0,50.0,16.0,2600.0,680.0,Achieving,Hapur Drain,Kali (East),,,2023-12-07T00:00:00.000000Z,STP_UP_HAPUR__GHAZIABAD_062,UP_STP_SL_062,final_effluent,DATASET_04_CPCB_UP_STP,observed,SHA256:2f80de49e34984efec3e1abef70496db91bbc7d984eee01dadab3013f2765ec5
63,"78 MLD Dhadhupura, Agra",2013,Agra,78.0,78.0,U,UASB,U.P. Jal Nigam,08.12.2023,7.93,26.0,130.0,44.0,4300.0,910.0,Achieving,Agriculture (on land),On Land,,Phase-II,2023-12-08T00:00:00.000000Z,STP_UP_AGRA_063,UP_STP_SL_063,final_effluent,DATASET_04_CPCB_UP_STP,observed,SHA256:2f80de49e34984efec3e1abef70496db91bbc7d984eee01dadab3013f2765ec5
64,"2.25 MLD Budi ka Nagla, Agra",2000,Agra,2.25,2.25,U,WSP,U.P. Jal Nigam,08.12.2023,7.87,27.0,160.0,42.0,3800.0,820.0,Achieving,,River Yamuna,,Phase-II,2023-12-08T00:00:00.000000Z,STP_UP_AGRA_064,UP_STP_SL_064,final_effluent,DATASET_04_CPCB_UP_STP,observed,SHA256:2f80de49e34984efec3e1abef70496db91bbc7d984eee01dadab3013f2765ec5
65,"10 MLD Peelakhar, Agra",2000,Agra,10.0,10.0,U,WSP,U.P. Jal Nigam,08.12.2023,7.96,26.0,180.0,44.0,2100.0,780.0,Achieving,,River Yamuna,,Phase-II,2023-12-08T00:00:00.000000Z,STP_UP_AGRA_065,UP_STP_SL_065,final_effluent,DATASET_04_CPCB_UP_STP,observed,SHA256:2f80de49e34984efec3e1abef70496db91bbc7d984eee01dadab3013f2765ec5
66,"12 MLD Devri Road, (Bhimnagri), Agra",2011,Agra,12.0,8.0,U,UASB,U.P. Jal Nigam,07.12.2023,7.8,24.0,170.0,40.0,2400.0,930.0,Achieving,,River Yamuna,,Phase-II,2023-12-07T00:00:00.000000Z,STP_UP_AGRA_066,UP_STP_SL_066,final_effluent,DATASET_04_CPCB_UP_STP,observed,SHA256:2f80de49e34984efec3e1abef70496db91bbc7d984eee01dadab3013f2765ec5
67,"14 MLD Jaganpur, Sikandarpur, Agra",2011,Agra,14.0,14.0,U,UASB,U.P. Jal Nigam,08.12.2023,7.94,25.0,150.0,46.0,3800.0,820.0,Achieving,Agriculture (on land),Onland,,Phase-II,2023-12-08T00:00:00.000000Z,STP_UP_AGRA_067,UP_STP_SL_067,final_effluent,DATASET_04_CPCB_UP_STP,observed,SHA256:2f80de49e34984efec3e1abef70496db91bbc7d984eee01dadab3013f2765ec5
68,"40 MLD Sadarban, Bichhpuri, Agra",2013,Agra,40.0,28.5,U,UASB,U.P. Jal Nigam,06.12.2023,7.74,25.0,140.0,40.0,2400.0,930.0,Achieving,,River Yamuna,,Phase-II,2023-12-06T00:00:00.000000Z,STP_UP_AGRA_068,UP_STP_SL_068,final_effluent,DATASET_04_CPCB_UP_STP,observed,SHA256:2f80de49e34984efec3e1abef70496db91bbc7d984eee01dadab3013f2765ec5
69,36 MLD Sadarwan (Bichpuri) New,2018,Agra,36.0,36.0,U,SBR,U.P. Jal Nigam,06.12.2023,7.68,28.0,170.0,46.0,4300.0,910.0,Achieving,Land/ Agra canal,Land/ Agra canal,,Phase-II,2023-12-06T00:00:00.000000Z,STP_UP_AGRA_069,UP_STP_SL_069,final_effluent,DATASET_04_CPCB_UP_STP,observed,SHA256:2f80de49e34984efec3e1abef70496db91bbc7d984eee01dadab3013f2765ec5
70,"24 MLD Dhadhupura (New), Agra",2014,Agra,24.0,15.0,U,UASB,U.P. Jal Nigam,08.12.2023,7.95,26.0,160.0,44.0,2100.0,780.0,Achieving,Agriculture (on land),On Land,,Phase-II,2023-12-08T00:00:00.000000Z,STP_UP_AGRA_070,UP_STP_SL_070,final_effluent,DATASET_04_CPCB_UP_STP,observed,SHA256:2f80de49e34984efec3e1abef70496db91bbc7d984eee01dadab3013f2765ec5
71,"4.50 MLD Kalindi Vihar, Agra",2014,Agra,4.5,4.5,U,UASB,U.P. Jal Nigam,08.12.2023,7.9,28.0,150.0,48.0,4600.0,920.0,Achieving,Karwan River,Karwan River,,Phase-II,2023-12-08T00:00:00.000000Z,STP_UP_AGRA_071,UP_STP_SL_071,final_effluent,DATASET_04_CPCB_UP_STP,observed,SHA256:2f80de49e34984efec3e1abef70496db91bbc7d984eee01dadab3013f2765ec5
72,"03 MLD Pandav Nagar, Meerut",2013,Meerut,3.0,2.7,O,ASP,MDA,04.12.2023,7.47,16.0,168.0,54.0,4100.0,2700.0,Not Achieving,,River Kali (East),,Phase-I,2023-12-04T00:00:00.000000Z,STP_UP_MEERUT_072,UP_STP_SL_072,final_effluent,DATASET_04_CPCB_UP_STP,observed,SHA256:2f80de49e34984efec3e1abef70496db91bbc7d984eee01dadab3013f2765ec5
73,"07 MLD Pallavpuram-1, Meerut",2012,Meerut,7.0,6.5,O,ASP,MDA,04.12.2023,7.37,14.0,156.0,44.0,4000.0,3100.0,Not Achieving,,River Kali (East),,Phase-I,2023-12-04T00:00:00.000000Z,STP_UP_MEERUT_073,UP_STP_SL_073,final_effluent,DATASET_04_CPCB_UP_STP,observed,SHA256:2f80de49e34984efec3e1abef70496db91bbc7d984eee01dadab3013f2765ec5
74,"7 MLD Pallavpuram-2, Meerut",2008,Meerut,11.0,7.0,O,MBBR,MDA,04.12.2023,7.58,16.0,164.0,50.0,3900.0,3300.0,Not Achieving,,River Kali (East),,Phase-I,2023-12-04T00:00:00.000000Z,STP_UP_MEERUT_074,UP_STP_SL_074,final_effluent,DATASET_04_CPCB_UP_STP,observed,SHA256:2f80de49e34984efec3e1abef70496db91bbc7d984eee01dadab3013f2765ec5
75,"06 MLD Rakshapuram, Meerut",2011,Meerut,6.0,4.4,O,ASP,MDA,04.12.2023,7.38,18.0,136.0,46.0,4700.0,3900.0,Not Achieving,,River Kali (East),,Phase-I,2023-12-04T00:00:00.000000Z,STP_UP_MEERUT_075,UP_STP_SL_075,final_effluent,DATASET_04_CPCB_UP_STP,observed,SHA256:2f80de49e34984efec3e1abef70496db91bbc7d984eee01dadab3013f2765ec5
76,"10 MLD Lohiya Nagar, Meerut",2010,Meerut,10.0,2.0,O,ASP,MDA,04.12.2023,7.63,17.0,132.0,48.0,4800.0,3800.0,Not Achieving,,River Kali (East),,Phase-I,2023-12-04T00:00:00.000000Z,STP_UP_MEERUT_076,UP_STP_SL_076,final_effluent,DATASET_04_CPCB_UP_STP,observed,SHA256:2f80de49e34984efec3e1abef70496db91bbc7d984eee01dadab3013f2765ec5
77,"15 MLD Shatabdinagar, Meerut",2010,Meerut,15.0,4.8,O,ASP,MDA,04.12.2023,7.56,18.0,156.0,60.0,4900.0,3300.0,Not Achieving,,River Kali (East),,Phase-I,2023-12-04T00:00:00.000000Z,STP_UP_MEERUT_077,UP_STP_SL_077,final_effluent,DATASET_04_CPCB_UP_STP,observed,SHA256:2f80de49e34984efec3e1abef70496db91bbc7d984eee01dadab3013f2765ec5
78,15 MLD Vedvyaspuri Meerut,2010,Meerut,15.0,4.5,O,ASP,MDA,04.12.2023,7.61,17.0,160.0,56.0,4900.0,3800.0,Not Achieving,,River Kali (East),,Phase-I,2023-12-04T00:00:00.000000Z,STP_UP_MEERUT_078,UP_STP_SL_078,final_effluent,DATASET_04_CPCB_UP_STP,observed,SHA256:2f80de49e34984efec3e1abef70496db91bbc7d984eee01dadab3013f2765ec5
79,"06 MLD Shradhapuri-1, Meerut",2010,Meerut,6.0,5.5,O,ASP,MDA,04.12.2023,7.39,18.0,152.0,40.0,4700.0,3200.0,Not Achieving,,River Kali (East),,Phase-I,2023-12-04T00:00:00.000000Z,STP_UP_MEERUT_079,UP_STP_SL_079,final_effluent,DATASET_04_CPCB_UP_STP,observed,SHA256:2f80de49e34984efec3e1abef70496db91bbc7d984eee01dadab3013f2765ec5
80,06 MLD Sainik Vihar,2017,Meerut,6.0,5.95,O,UASB,MDA,04.12.2023,7.65,17.0,144.0,44.0,3900.0,3100.0,Not Achieving,,River Kali (East),,Phase-I,2023-12-04T00:00:00.000000Z,STP_UP_MEERUT_080,UP_STP_SL_080,final_effluent,DATASET_04_CPCB_UP_STP,observed,SHA256:2f80de49e34984efec3e1abef70496db91bbc7d984eee01dadab3013f2765ec5
81,5 MLD Modipuram Tiraha,2016,Meerut,5.0,4.9,O,ASP,MDA,04.12.2023,7.42,16.0,176.0,57.0,920.0,610.0,Achieving,,River Kali (East),,Phase-I,2023-12-04T00:00:00.000000Z,STP_UP_MEERUT_081,UP_STP_SL_081,final_effluent,DATASET_04_CPCB_UP_STP,observed,SHA256:2f80de49e34984efec3e1abef70496db91bbc7d984eee01dadab3013f2765ec5
82,"07 MLD Sports Goods Complex, Meerut",2012,Meerut,7.0,4.0,O,ASP,MDA,04.12.2023,7.48,16.0,164.0,55.0,4300.0,3800.0,Not Achieving,,River Kali (East),,Phase-I,2023-12-04T00:00:00.000000Z,STP_UP_MEERUT_082,UP_STP_SL_082,final_effluent,DATASET_04_CPCB_UP_STP,observed,SHA256:2f80de49e34984efec3e1abef70496db91bbc7d984eee01dadab3013f2765ec5
83,72 MLD Garh road (Jagriti vihar) Kamalpur,2018,Meerut,72.0,72.0,U,SBR,U.P. Jal Nigam,04.12.2023,7.36,8.0,76.0,7.0,830.0,620.0,Achieving,Treated sewage by conduit and sludge to pit,River Kali (East),,Phase-I,2023-12-04T00:00:00.000000Z,STP_UP_MEERUT_083,UP_STP_SL_083,final_effluent,DATASET_04_CPCB_UP_STP,observed,SHA256:2f80de49e34984efec3e1abef70496db91bbc7d984eee01dadab3013f2765ec5
84,"10 MLD Ganga Nagar, Meerut",2011,Meerut,10.0,3.8,O,SBR,MDA,04.12.2023,7.83,22.0,156.0,55.0,920.0,610.0,Achieving,,River Kali (East),,Phase-I,2023-12-04T00:00:00.000000Z,STP_UP_MEERUT_084,UP_STP_SL_084,final_effluent,DATASET_04_CPCB_UP_STP,observed,SHA256:2f80de49e34984efec3e1abef70496db91bbc7d984eee01dadab3013f2765ec5
85,"06 MLD Shradhapuri- Phase-2, Meerut",2012,Meerut,6.0,5.6,O,ASP,MDA,04.12.2023,7.56,15.0,148.0,54.0,930.0,710.0,Achieving,,River Kali (East),,Phase-I,2023-12-04T00:00:00.000000Z,STP_UP_MEERUT_085,UP_STP_SL_085,final_effluent,DATASET_04_CPCB_UP_STP,observed,SHA256:2f80de49e34984efec3e1abef70496db91bbc7d984eee01dadab3013f2765ec5
86,"14 MLD Baghpat, Meerut",2021,"Baghpat, Meerut",14.0,7.8,U,SBR,U.P. Jal Nigam,04.11.2023,7.39,15.0,124.0,42.0,930.0,680.0,Achieving,,River Yamuna,,Phase-I,2023-11-04T00:00:00.000000Z,STP_UP_BAGHPAT__MEERUT_086,UP_STP_SL_086,final_effluent,DATASET_04_CPCB_UP_STP,observed,SHA256:2f80de49e34984efec3e1abef70496db91bbc7d984eee01dadab3013f2765ec5
87,"32.5 MLD Nagar Palika Parishad, Kidwai nagar",2002,Muzaffar Nagar,32.5,30.6,U,Oxidation Pond,U.P. Jal Nigam,04.12.2023,7.4,22.0,88.0,46.0,140000.0,110000.0,Not Achieving,,River Kali West,,Phase-II,2023-12-04T00:00:00.000000Z,STP_UP_MUZAFFAR_NAGAR_087,UP_STP_SL_087,final_effluent,DATASET_04_CPCB_UP_STP,observed,SHA256:2f80de49e34984efec3e1abef70496db91bbc7d984eee01dadab3013f2765ec5
88,12 MLD Ayodhya,2014,Ayodhya,12.0,12.0,U,UASB,U.P. Jal Nigam,05.12.2023,7.95,24.0,86.0,38.0,13000.0,2300.0,Not Achieving,Through Pond,,,Phase-II,2023-12-05T00:00:00.000000Z,STP_UP_AYODHYA_088,UP_STP_SL_088,final_effluent,DATASET_04_CPCB_UP_STP,observed,SHA256:2f80de49e34984efec3e1abef70496db91bbc7d984eee01dadab3013f2765ec5
89,6 MLD Ayodhya,2023,Ayodhya,6.0,4.0,U,SBR,U.P. Jal Nigam,05.12.2023,7.26,19.0,82.0,26.0,49000.0,13000.0,Not Achieving,Sutiya drain,River Saryu (Downstream of river),,Phase-II,2023-12-05T00:00:00.000000Z,STP_UP_AYODHYA_089,UP_STP_SL_089,final_effluent,DATASET_04_CPCB_UP_STP,observed,SHA256:2f80de49e34984efec3e1abef70496db91bbc7d984eee01dadab3013f2765ec5
90,"6.8 MLD, Masani, Mathura",2007,Mathura,6.8,6.8,R,WSP,Nagar Palika Parishad,05.12.2023,8.0,27.0,208.0,84.0,3100.0,910.0,Achieving,,River Yamuna,,Phase-II,2023-12-05T00:00:00.000000Z,STP_UP_MATHURA_090,UP_STP_SL_090,final_effluent,DATASET_04_CPCB_UP_STP,observed,SHA256:2f80de49e34984efec3e1abef70496db91bbc7d984eee01dadab3013f2765ec5
91,"04 MLD Vrindavan Near Pagal Baba Mandir, Mathura",2007,Mathura,4.0,4.0,R,Oxidation Pond,U.P. Jal Nigam,05.12.2023,7.9,22.0,208.0,52.0,3200.0,920.0,Achieving,,River Yamuna,,Phase-II,2023-12-05T00:00:00.000000Z,STP_UP_MATHURA_091,UP_STP_SL_091,final_effluent,DATASET_04_CPCB_UP_STP,observed,SHA256:2f80de49e34984efec3e1abef70496db91bbc7d984eee01dadab3013f2765ec5
92,"08 MLD STP Near 100 Bed Hospital Vrindavan, Manth road",2015,Mathura,8.0,8.0,U,UASB Reacter,U.P. Jal Nigam,05.12.2023,7.8,21.0,136.0,48.0,2500.0,910.0,Achieving,,River Yamuna,,Phase-II,2023-12-05T00:00:00.000000Z,STP_UP_MATHURA_092,UP_STP_SL_092,final_effluent,DATASET_04_CPCB_UP_STP,observed,SHA256:2f80de49e34984efec3e1abef70496db91bbc7d984eee01dadab3013f2765ec5
93,"14.5 MLD Trans-yamuna, Jamunapar, Mathura",2007,Mathura,14.5,14.5,R,Oxidation Pond,U.P. Jal Nigam,05.12.2023,8.1,26.0,216.0,78.0,2700.0,830.0,Achieving,Agriculture,River Yamuna,,Phase-II,2023-12-05T00:00:00.000000Z,STP_UP_MATHURA_093,UP_STP_SL_093,final_effluent,DATASET_04_CPCB_UP_STP,observed,SHA256:2f80de49e34984efec3e1abef70496db91bbc7d984eee01dadab3013f2765ec5
94,30 MLD Masani Mathura,2020,Mathura,30.0,30.0,R,SBR,U.P. Jal Nigam,05.12.2023,7.7,23.0,152.0,44.0,2100.0,820.0,Achieving,Agriculture,River Yamuna,,Phase-II,2023-12-05T00:00:00.000000Z,STP_UP_MATHURA_094,UP_STP_SL_094,final_effluent,DATASET_04_CPCB_UP_STP,observed,SHA256:2f80de49e34984efec3e1abef70496db91bbc7d984eee01dadab3013f2765ec5
95,"16 MLD Trans Yamuna, Laxmi Nagar, Mathura",2015,Mathura,16.0,14.45,R,UASB Reacter,U.P. Jal Nigam,05.12.2023,8.0,22.0,144.0,42.0,2100.0,820.0,Achieving,Agriculture,River Yamuna,,Phase-II,2023-12-05T00:00:00.000000Z,STP_UP_MATHURA_095,UP_STP_SL_095,final_effluent,DATASET_04_CPCB_UP_STP,observed,SHA256:2f80de49e34984efec3e1abef70496db91bbc7d984eee01dadab3013f2765ec5
96,2.76 MLD Goverdhan STP,2011,Mathura,2.76,2.76,O,WSP,Nagar Palika Parishad,05.12.2023,7.8,36.0,256.0,110.0,150000.0,26000.0,Not Achieving,Drain,,,Phase-II,2023-12-05T00:00:00.000000Z,STP_UP_MATHURA_096,UP_STP_SL_096,final_effluent,DATASET_04_CPCB_UP_STP,observed,SHA256:2f80de49e34984efec3e1abef70496db91bbc7d984eee01dadab3013f2765ec5
97,"33 MLD Sector-54, Noida",2011,Noida,33.0,33.0,O,SBR,Noida Authority,04.12.2023,7.64,11.8,68.0,31.0,1600.0,920.0,Achieving,,River Yamuna,,Phase-II,2023-12-04T00:00:00.000000Z,STP_UP_NOIDA_097,UP_STP_SL_097,final_effluent,DATASET_04_CPCB_UP_STP,observed,SHA256:2f80de49e34984efec3e1abef70496db91bbc7d984eee01dadab3013f2765ec5
98,"25 MLD Sector-50, Noida",2015,Noida,25.0,25.0,O,SBR,Noida Authority,04.12.2023,7.12,10.4,64.0,24.0,2100.0,790.0,Achieving,,River Yamuna,,Phase-II,2023-12-04T00:00:00.000000Z,STP_UP_NOIDA_098,UP_STP_SL_098,final_effluent,DATASET_04_CPCB_UP_STP,observed,SHA256:2f80de49e34984efec3e1abef70496db91bbc7d984eee01dadab3013f2765ec5
99,"35 MLD Sector-123, Noida",2011,Noida,35.0,35.0,O,SBR,Noida Authority,04.12.2023,7.53,13.2,84.0,37.0,2500.0,780.0,Achieving,,River Hindon,,Phase-II,2023-12-04T00:00:00.000000Z,STP_UP_NOIDA_099,UP_STP_SL_099,final_effluent,DATASET_04_CPCB_UP_STP,observed,SHA256:2f80de49e34984efec3e1abef70496db91bbc7d984eee01dadab3013f2765ec5
100,"50 MLD Sector-168, Noida",2015,Noida,50.0,50.0,O,SBR,Noida Authority,04.12.2023,7.44,12.4,76.0,34.0,1500.0,450.0,Achieving,,River Yamuna,,Phase-II,2023-12-04T00:00:00.000000Z,STP_UP_NOIDA_100,UP_STP_SL_100,final_effluent,DATASET_04_CPCB_UP_STP,observed,SHA256:2f80de49e34984efec3e1abef70496db91bbc7d984eee01dadab3013f2765ec5
101,"2.0 MLD Greater Noida Authority STP, Vill- Badalpur",2015,Greater Noida,2.0,1.5,O,SBR,GNIDA,05.12.2023,7.2,6.0,46.0,10.0,1200.0,450.0,Achieving,Drain,For Irrigation,,Phase-II,2023-12-05T00:00:00.000000Z,STP_UP_GREATER_NOIDA_101,UP_STP_SL_101,final_effluent,DATASET_04_CPCB_UP_STP,observed,SHA256:2f80de49e34984efec3e1abef70496db91bbc7d984eee01dadab3013f2765ec5
102,15 MLD ECO tech -2,2018,Greater Noida,15.0,8.0,O,SBR,GNIDA,05.12.2023,7.15,8.0,36.0,12.0,1600.0,540.0,Achieving,Drain,Hawaliya Drain,,Phase-II,2023-12-05T00:00:00.000000Z,STP_UP_GREATER_NOIDA_102,UP_STP_SL_102,final_effluent,DATASET_04_CPCB_UP_STP,observed,SHA256:2f80de49e34984efec3e1abef70496db91bbc7d984eee01dadab3013f2765ec5
103,20 MLD ECO tech -3,2018,Greater Noida,20.0,10.0,O,SBR,GNIDA,05.12.2023,7.28,10.0,44.0,16.0,2400.0,610.0,Achieving,Drain,Hawaliya Drain,,Phase-II,2023-12-05T00:00:00.000000Z,STP_UP_GREATER_NOIDA_103,UP_STP_SL_103,final_effluent,DATASET_04_CPCB_UP_STP,observed,SHA256:2f80de49e34984efec3e1abef70496db91bbc7d984eee01dadab3013f2765ec5
104,"137 MLD Kasana, GreaterNoida",2015,Greater Noida,137.0,50.0,O,SBR,GNIDA,05.12.2023,7.36,7.0,38.0,14.0,1200.0,680.0,Achieving,Drain,Hawaliya Drain,,Phase-II,2023-12-05T00:00:00.000000Z,STP_UP_GREATER_NOIDA_104,UP_STP_SL_104,final_effluent,DATASET_04_CPCB_UP_STP,observed,SHA256:2f80de49e34984efec3e1abef70496db91bbc7d984eee01dadab3013f2765ec5
105,34 MLD Sector -50 Noida,2012,Noida,34.0,34.0,O,SBR,Noida Authority,04.12.2023,7.71,12.4,76.0,28.0,3200.0,920.0,Achieving,,River Yamuna,,Phase-II,2023-12-04T00:00:00.000000Z,STP_UP_NOIDA_105,UP_STP_SL_105,final_effluent,DATASET_04_CPCB_UP_STP,observed,SHA256:2f80de49e34984efec3e1abef70496db91bbc7d984eee01dadab3013f2765ec5
106,"54 MLD Sector- 54, Noida",2012,Noida,54.0,54.0,O,SBR,Noida Authority,04.12.2023,7.73,9.6,52.0,19.0,1400.0,790.0,Achieving,,River Yamuna,,Phase-II,2023-12-04T00:00:00.000000Z,STP_UP_NOIDA_106,UP_STP_SL_106,final_effluent,DATASET_04_CPCB_UP_STP,observed,SHA256:2f80de49e34984efec3e1abef70496db91bbc7d984eee01dadab3013f2765ec5
107,"100 MLD Sector- 168, Noida",2023,Noida,100.0,38.0,O,SBR,Noida Authority,04.12.2023,7.62,8.0,49.6,18.0,920.0,240.0,Achieving,,Kundli drain,,-,2023-12-04T00:00:00.000000Z,STP_UP_NOIDA_107,UP_STP_SL_107,final_effluent,DATASET_04_CPCB_UP_STP,observed,SHA256:2f80de49e34984efec3e1abef70496db91bbc7d984eee01dadab3013f2765ec5
108,"80 MLD Sector- 123, Noida",2023,Noida,80.0,40.0,O,SBR,Noida Authority,04.12.2023,7.48,9.8,48.0,16.0,920.0,350.0,Achieving,,River Hindon,,,2023-12-04T00:00:00.000000Z,STP_UP_NOIDA_108,UP_STP_SL_108,final_effluent,DATASET_04_CPCB_UP_STP,observed,SHA256:2f80de49e34984efec3e1abef70496db91bbc7d984eee01dadab3013f2765ec5
109,"0.805 MLD Ahara Road, Zone-A, Anoopshahar",2003,Bulandhsahar,0.805,0.4,U,WSP,U.P. Jal Nigam,04.12.2023,7.81,20.0,168.0,74.0,3200.0,2200.0,Not Achieving,Treated Sewage - For Irrigation & Sludge- as Manure in Agricultural Field,For Irrigation,,Phase-I,2023-12-04T00:00:00.000000Z,STP_UP_BULANDHSAHAR_109,UP_STP_SL_109,final_effluent,DATASET_04_CPCB_UP_STP,observed,SHA256:2f80de49e34984efec3e1abef70496db91bbc7d984eee01dadab3013f2765ec5
110,04 MLD Narora (NGRBA),2015,Bulandhsahar,4.0,3.89,R,SBR,U.P. Jal Nigam,04.12.2023,7.65,18.0,76.0,44.0,920.0,350.0,Achieving,For Irrigation,For Irrigation,,Phase-I,2023-12-04T00:00:00.000000Z,STP_UP_BULANDHSAHAR_110,UP_STP_SL_110,final_effluent,DATASET_04_CPCB_UP_STP,observed,SHA256:2f80de49e34984efec3e1abef70496db91bbc7d984eee01dadab3013f2765ec5
111,"1.75 MLD Ahara Road, (Shivanand Ashram) Zone-B, Anoopshahar",2003,Bulandhsahar,1.75,0.9,U,WSP,U.P. Jal Nigam,04.12.2023,7.58,24.0,152.0,72.0,4100.0,3400.0,Not Achieving,River Ganga,River Ganga,,Phase-I,2023-12-04T00:00:00.000000Z,STP_UP_BULANDHSAHAR_111,UP_STP_SL_111,final_effluent,DATASET_04_CPCB_UP_STP,observed,SHA256:2f80de49e34984efec3e1abef70496db91bbc7d984eee01dadab3013f2765ec5
112,2.25 MLD Narora Atomic power Station Narora Township,2000,Bulandhsahar,2.25,2.25,O,ASP,Narora Atomic power Station,04.12.2023,7.41,12.0,52.0,136.0,1600.0,540.0,Achieving,For Irrigation,,,Phase-I,2023-12-04T00:00:00.000000Z,STP_UP_BULANDHSAHAR_112,UP_STP_SL_112,final_effluent,DATASET_04_CPCB_UP_STP,observed,SHA256:2f80de49e34984efec3e1abef70496db91bbc7d984eee01dadab3013f2765ec5
113,1.5 MLD Anoopshahar Zone A (NGRBA),2016,Bulandhsahar,1.5,1.4,R,MBBR,U.P. Jal Nigam,04.12.2023,7.54,24.0,176.0,88.0,4300.0,280.0,Achieving,Treated Sewage- For Irrigation,For Irrigation,,Phase-I,2023-12-04T00:00:00.000000Z,STP_UP_BULANDHSAHAR_113,UP_STP_SL_113,final_effluent,DATASET_04_CPCB_UP_STP,observed,SHA256:2f80de49e34984efec3e1abef70496db91bbc7d984eee01dadab3013f2765ec5
114,01 MLD STP Zone-B Anoopshahar,2016,Bulandhsahar,1.0,1.0,R,MBBR,U.P. Jal Nigam,04.12.2023,7.78,26.0,160.0,84.0,1700.0,930.0,Achieving,Treated Sewage- Ganga River,River Ganga,,Phase-I,2023-12-04T00:00:00.000000Z,STP_UP_BULANDHSAHAR_114,UP_STP_SL_114,final_effluent,DATASET_04_CPCB_UP_STP,observed,SHA256:2f80de49e34984efec3e1abef70496db91bbc7d984eee01dadab3013f2765ec5
115,40 MLD STP,2023,Bulandhsahar,40.0,15.0,U,SBR,U.P. Jal Nigam,04.12.2023,7.43,8.0,36.0,31.0,350.0,170.0,Achieving,,For Irrigation,,Phase-I,2023-12-04T00:00:00.000000Z,STP_UP_BULANDHSAHAR_115,UP_STP_SL_115,final_effluent,DATASET_04_CPCB_UP_STP,observed,SHA256:2f80de49e34984efec3e1abef70496db91bbc7d984eee01dadab3013f2765ec5
116,24 MLD Bijnor,2018,Bijnor,24.0,21.41,U,UASB,U.P. Jal Nigam,01.12.2023,7.72,12.0,48.0,28.0,1700.0,120.0,Achieving,,Hemraj Drain,,Phase-I,2023-12-01T00:00:00.000000Z,STP_UP_BIJNOR_116,UP_STP_SL_116,final_effluent,DATASET_04_CPCB_UP_STP,observed,SHA256:2f80de49e34984efec3e1abef70496db91bbc7d984eee01dadab3013f2765ec5
117,58 MLD Moradabad,2018,Moradabad,58.0,24.0,R,SBR,U.P. Jal Nigam,06.12.2023,7.49,9.6,96.0,18.0,1000.0,82.0,Achieving,,Ramganga River,,Phase-I,2023-12-06T00:00:00.000000Z,STP_UP_MORADABAD_117,UP_STP_SL_117,final_effluent,DATASET_04_CPCB_UP_STP,observed,SHA256:2f80de49e34984efec3e1abef70496db91bbc7d984eee01dadab3013f2765ec5
118,14 MLD Benzirpur,2016,Rampur,14.0,,U,UASB,U.P. Jal Nigam,06.12.2023,7.53,24.0,88.0,40.0,2100.0,810.0,Achieving,,Ramganga River,,Phase-I,2023-12-06T00:00:00.000000Z,STP_UP_RAMPUR_118,UP_STP_SL_118,final_effluent,DATASET_04_CPCB_UP_STP,observed,SHA256:2f80de49e34984efec3e1abef70496db91bbc7d984eee01dadab3013f2765ec5
119,5 MLD Rampur,2016,Rampur,5.0,,U,SBR,U.P. Jal Nigam,06.12.2023,7.8,9.2,80.0,8.0,680.0,93.0,Achieving,,Ramganga River,,Phase-I,2023-12-06T00:00:00.000000Z,STP_UP_RAMPUR_119,UP_STP_SL_119,final_effluent,DATASET_04_CPCB_UP_STP,observed,SHA256:2f80de49e34984efec3e1abef70496db91bbc7d984eee01dadab3013f2765ec5
120,15 MLD Kasganj,31.12.2022,Aligarh,15.0,12.0,R,SBR,U.P. Jal Nigam,06.12.2023,7.37,22.0,92.0,88.0,,,Achieving,,River Kali (East),,----,2023-12-06T00:00:00.000000Z,STP_UP_ALIGARH_120,UP_STP_SL_120,final_effluent,DATASET_04_CPCB_UP_STP,observed,SHA256:2f80de49e34984efec3e1abef70496db91bbc7d984eee01dadab3013f2765ec5
121,24 MLD Manpur Etah,01.09.2023,Aligarh,24.0,7.42,U,SBR,U.P. Jal Nigam,06.12.2023,7.39,26.0,116.0,82.0,,,Achieving,,Bhadon Nala to Ishar River,,----,2023-12-06T00:00:00.000000Z,STP_UP_ALIGARH_121,UP_STP_SL_121,final_effluent,DATASET_04_CPCB_UP_STP,observed,SHA256:2f80de49e34984efec3e1abef70496db91bbc7d984eee01dadab3013f2765ec5
122,8.95 MLD Pratapgarh,2023,Pratapgarh,8.95,6.0,,FAB,U.P. Jal Nigam,02.12.2023,7.35,20.0,86.0,54.0,9200.0,2400.0,Not Achieving,,,,----,2023-12-02T00:00:00.000000Z,STP_UP_PRATAPGARH_122,UP_STP_SL_122,final_effluent,DATASET_04_CPCB_UP_STP,observed,SHA256:2f80de49e34984efec3e1abef70496db91bbc7d984eee01dadab3013f2765ec5
123,"10 MLD Hathia Nala, Lolepur",2006,Sultanpur,10.0,10.0,R,Oxidation Pond (Ist Pond of II Phase),U.P. Jal Nigam,19.12.2023,8.04,26.0,108.8,58.0,3300.0,790.0,Achieving,,River Gomti,,Phase-Ist & IInd,2023-12-19T00:00:00.000000Z,STP_UP_SULTANPUR_123,UP_STP_SL_123,final_effluent,DATASET_04_CPCB_UP_STP,observed,SHA256:2f80de49e34984efec3e1abef70496db91bbc7d984eee01dadab3013f2765ec5
124,18 MLD Raebareli,,Raebareli,18.0,3.5,U,,U.P. Jal Nigam,30.11.2023,8.21,14.0,67.2,42.0,3500.0,920.0,Achieving,,,,,2023-11-30T00:00:00.000000Z,STP_UP_RAEBARELI_124,UP_STP_SL_124,final_effluent,DATASET_04_CPCB_UP_STP,observed,SHA256:2f80de49e34984efec3e1abef70496db91bbc7d984eee01dadab3013f2765ec5
125,"35 MLD, Saraitafi",2023,Bareilly,35.0,12.0,U,ASP,U.P. Jal Nigam,05.12.2023,7.3,8.0,32.0,13.0,170.0,83.0,Achieving,,River Deoraniya,,--,2023-12-05T00:00:00.000000Z,STP_UP_BAREILLY_125,UP_STP_SL_125,final_effluent,DATASET_04_CPCB_UP_STP,observed,SHA256:2f80de49e34984efec3e1abef70496db91bbc7d984eee01dadab3013f2765ec5
